X1,X11,M1,M2,M3,M4,M5,X2,X3,X4,X5,X6,y,y1,N1,N2,N3,N4,N5
321.6984638,149.9990684,389,-74,509,293,420,1,GBCA,aorta,26201,3.1,NA,,NA,NA,NA,NA,NA
94.80673935,17.24125765,96,23,166,85,106,2,GBCA,aorta,26201,3.1,NA,,NA,NA,NA,NA,NA
89.05971259,15.49974111,89,21,200,79,99,3,GBCA,aorta,26201,3.1,NA,,NA,NA,NA,NA,NA
78.12760159,14.78599642,79,11,188,70,88,4,GBCA,aorta,26201,3.1,NA,,NA,NA,NA,NA,NA
67.41997027,13.78465226,68,-15,137,59,77,5,GBCA,aorta,26201,3.1,NA,,NA,NA,NA,NA,NA
455.4247356,112.5750027,474,72,657,372,549,1,GBCA,aorta,26608,2.9,NA,,NA,NA,NA,NA,NA
75.21264368,15.88870515,75,7,129,65,85,2,GBCA,aorta,26608,2.9,NA,,NA,NA,NA,NA,NA
73.72222222,15.31812853,74,24,126,64,84,3,GBCA,aorta,26608,2.9,NA,,NA,NA,NA,NA,NA
63.37164751,14.35409485,62,13,121,54,71,4,GBCA,aorta,26608,2.9,NA,,NA,NA,NA,NA,NA
NA,NA,NA,NA,NA,NA,NA,5,GBCA,aorta,26608,2.9,NA,,NA,NA,NA,NA,NA
507.5710917,76.06133245,505,64,737,471,548,1,GBCA,aorta,26599,3.22,NA,,NA,NA,NA,NA,NA
96.33344349,15.05062203,97,-25,226,88,106,2,GBCA,aorta,26599,3.22,NA,,NA,NA,NA,NA,NA
91.61542089,13.98366811,92,36,150,82,101,3,GBCA,aorta,26599,3.22,NA,,NA,NA,NA,NA,NA
77.11318085,12.11551017,77,31,118,69,85,4,GBCA,aorta,26599,3.22,NA,,NA,NA,NA,NA,NA
68.54845555,12.4126022,69,22,115,61,77,5,GBCA,aorta,26599,3.22,NA,,NA,NA,NA,NA,NA
438.7496336,131.3706113,431,-21,752,371,532,1,GBCA,aorta,26285,2.7,NA,,NA,NA,NA,NA,NA
86.21910112,13.60671752,88,11,137,79,95,2,GBCA,aorta,26285,2.7,NA,,NA,NA,NA,NA,NA
86.10429897,13.35076431,87,20,143,79,95,3,GBCA,aorta,26285,2.7,NA,,NA,NA,NA,NA,NA
71.95017098,12.12997348,73,-11,114,65,80,4,GBCA,aorta,26285,2.7,NA,,NA,NA,NA,NA,NA
61.31778212,11.44240228,62,13,93,54,69,5,GBCA,aorta,26285,2.7,NA,,NA,NA,NA,NA,NA
486.9340082,38.61700546,492,214,588,462,515,1,GBCA,aorta,26684,3.52,NA,,NA,NA,NA,NA,NA
99.16116967,12.08392681,99,60,146,91,107,2,GBCA,aorta,26684,3.52,NA,,NA,NA,NA,NA,NA
94.20622237,11.8734032,94,50,137,86,102,3,GBCA,aorta,26684,3.52,NA,,NA,NA,NA,NA,NA
78.34818089,10.77230987,78,34,124,71,85,4,GBCA,aorta,26684,3.52,NA,,NA,NA,NA,NA,NA
67.90258416,11.20087355,68,20,108,61,75,5,GBCA,aorta,26684,3.52,NA,,NA,NA,NA,NA,NA
286.053407,44.90534861,287,18,410,260,318,1,GBCA,aorta,26375,3.23,NA,,NA,NA,NA,NA,NA
69.49723757,14.59519749,70,5,128,60,79,2,GBCA,aorta,26375,3.23,NA,,NA,NA,NA,NA,NA
68.02025783,14.05939631,68,9,118,59,78,3,GBCA,aorta,26375,3.23,NA,,NA,NA,NA,NA,NA
58.83241252,13.07910129,59,11,107,50,68,4,GBCA,aorta,26375,3.23,NA,,NA,NA,NA,NA,NA
50.26519337,14.58813389,50,-8,97,40,61,5,GBCA,aorta,26375,3.23,NA,,NA,NA,NA,NA,NA
60.23690205,68.26431293,55,-102,506,40,66,1,GBCA,vena cava,26201,3.1,NA,,NA,NA,NA,NA,NA
103.8205712,20.40302816,104,33,172,91,117,2,GBCA,vena cava,26201,3.1,NA,,NA,NA,NA,NA,NA
87.60049063,15.2017051,88,24,151,77,98,3,GBCA,vena cava,26201,3.1,NA,,NA,NA,NA,NA,NA
78.23339758,15.21842093,78,12,140,68,88,4,GBCA,vena cava,26201,3.1,NA,,NA,NA,NA,NA,NA
59.31487647,18.75434494,60,-55,114,48,72,5,GBCA,vena cava,26201,3.1,NA,,NA,NA,NA,NA,NA
52.28052293,42.0716072,46,-94,571,35,59,1,GBCA,vena cava,26608,2.9,NA,,NA,NA,NA,NA,NA
73.07489475,14.00812247,73,9,124,63,82,2,GBCA,vena cava,26608,2.9,NA,,NA,NA,NA,NA,NA
70.2858409,13.24091371,70,9,115,61,79,3,GBCA,vena cava,26608,2.9,NA,,NA,NA,NA,NA,NA
63.55794372,13.96728711,63,6,114,54,73,4,GBCA,vena cava,26608,2.9,NA,,NA,NA,NA,NA,NA
NA,NA,NA,NA,NA,NA,NA,5,GBCA,vena cava,26608,2.9,NA,,NA,NA,NA,NA,NA
56.61340206,20.40845857,57,1,124,42,73,1,GBCA,vena cava,26599,3.22,NA,,NA,NA,NA,NA,NA
84,19,83,21,150,NA,NA,2,GBCA,vena cava,26599,3.22,NA,,NA,NA,NA,NA,NA
82.01546392,19.3270754,80,35,161,69,92.25,3,GBCA,vena cava,26599,3.22,NA,,NA,NA,NA,NA,NA
77.39690722,17.20786175,76,20,133,65,88,4,GBCA,vena cava,26599,3.22,NA,,NA,NA,NA,NA,NA
70.23195876,16.65439508,70.5,27,117,59.75,81.25,5,GBCA,vena cava,26599,3.22,NA,,NA,NA,NA,NA,NA
53.30938586,12.68736262,53,13,90,44,62,1,GBCA,vena cava,26285,2.7,NA,,NA,NA,NA,NA,NA
87.76245655,13.23030264,87,54,142,79,96,2,GBCA,vena cava,26285,2.7,NA,,NA,NA,NA,NA,NA
86.25144844,15.03107772,85,46,140,76,95,3,GBCA,vena cava,26285,2.7,NA,,NA,NA,NA,NA,NA
76.52143685,13.16115256,76,33,124,68,84,4,GBCA,vena cava,26285,2.7,NA,,NA,NA,NA,NA,NA
68.75550406,13.40575495,69,32,125,59,77,5,GBCA,vena cava,26285,2.7,NA,,NA,NA,NA,NA,NA
46.84871727,19.14410659,46,-23,425,38,54,1,GBCA,vena cava,26684,3.52,NA,,NA,NA,NA,NA,NA
85.2539267,13.78579293,85,8,131,77,94,2,GBCA,vena cava,26684,3.52,NA,,NA,NA,NA,NA,NA
85.09293194,15.52250527,86,6,126,75,95,3,GBCA,vena cava,26684,3.52,NA,,NA,NA,NA,NA,NA
75.42015707,12.64228598,75,9,111,67,83.25,4,GBCA,vena cava,26684,3.52,NA,,NA,NA,NA,NA,NA
67.92931937,21.46481912,71,-69,110,61,80,5,GBCA,vena cava,26684,3.52,NA,,NA,NA,NA,NA,NA
38.17,15.44283329,37.5,-5,92,29,49,1,GBCA,vena cava,26375,3.23,NA,,NA,NA,NA,NA,NA
69.27,14.9631915,69,30,113,59,76,2,GBCA,vena cava,26375,3.23,NA,,NA,NA,NA,NA,NA
64.11,18.91131672,64,17,119,51,75,3,GBCA,vena cava,26375,3.23,NA,,NA,NA,NA,NA,NA
56.97,11.95027615,56.5,29,82,49,64.25,4,GBCA,vena cava,26375,3.23,NA,,NA,NA,NA,NA,NA
50.38444688,13.86209892,50,10,94,41,60,5,GBCA,vena cava,26375,3.23,NA,,NA,NA,NA,NA,NA
155.0949411,38.66489822,154,70,273,123,185,1,AGUIX,aorta,26201,3.1,1.580719466,0.822782047,1.56,0.02,3.34,0.94,2.26
94.85853842,15.90071392,95,3,145,85,105,2,AGUIX,aorta,26201,3.1,0.51229202,0.147223343,0.52,0.06,0.84,0.42,0.62
86.47078715,15.21652976,86,10,138,76,97,3,AGUIX,aorta,26201,3.1,0.401587436,0.155812214,0.38,0,0.86,0.28,0.5
78.15930866,15.25626117,78,13,136,68,88,4,AGUIX,aorta,26201,3.1,0.32655348,0.132495338,0.34,0.02,0.62,0.22,0.42
63.60172835,15.56465347,64,11,137,53,74,5,AGUIX,aorta,26201,3.1,0.120169779,0.108927345,0.1,0,0.54,0,0.2
451.1008646,83.69430222,481,227,605,376,511,1,AGUIX,aorta,26608,2.9,7.808976689,1.034261905,7.86,3.18,9.5,7.26,8.58
107.221497,17.26514998,107,39,156,96,120,2,AGUIX,aorta,26608,2.9,0.816367713,0.200477209,0.84,0.32,1.44,0.64,0.96
106.256745,17.73394566,106,31,161,95,118,3,AGUIX,aorta,26608,2.9,0.835991031,0.223484593,0.86,0.08,1.36,0.7,0.98
86.29286336,14.3835001,86,44,141,76,96,4,AGUIX,aorta,26608,2.9,0.573524664,0.130575985,0.58,0.16,0.96,0.48,0.675
70.8359443,14.79457759,71,25,135,61,82,5,AGUIX,aorta,26608,2.9,0.34335426,0.102921691,0.34,0,0.68,0.26,0.42
744.3468254,81.47310121,779,357,867,694,800,1,AGUIX,aorta,26599,3.22,11.60954169,1.74154382,12.48,0.72,13.54,10.58,12.88
110.1236489,25.37654084,113,-111,286,99,125,2,AGUIX,aorta,26599,3.22,1.07052323,0.278301029,1.08,0.12,1.72,0.9,1.26
108.5872912,24.73488638,111,-81,264,98,123,3,AGUIX,aorta,26599,3.22,1.010635995,0.22432458,1.06,0,1.6,0.88,1.16
90.05126105,21.08003775,92,-92,281,81,102,4,AGUIX,aorta,26599,3.22,0.58962562,0.158424513,0.6,0,1.08,0.52,0.7
77.27071733,19.81957391,78,-75,333,68,89,5,AGUIX,aorta,26599,3.22,0.376405052,0.143770271,0.36,0,0.8,0.26,0.48
457.2298227,292.2133931,564,-39,869,103,742,1,AGUIX,aorta,26285,2.7,11.43277884,1.551848507,11.72,0.74,13.6,10.8,12.6
127.6855057,21.21028211,128,17,192,115,142,2,AGUIX,aorta,26285,2.7,1.093965174,0.289584535,1.1,0,1.82,0.86,1.3
114.7904067,18.04058892,116,-2,169,104,127,3,AGUIX,aorta,26285,2.7,0.827925373,0.193245582,0.82,0.24,1.3,0.7,0.94
95.7806048,16.28180658,97,30,143,85,107,4,AGUIX,aorta,26285,2.7,0.478353234,0.163180987,0.48,0.02,0.9,0.38,0.58
79.56600626,15.07150741,81,26,125,69,90,5,AGUIX,aorta,26285,2.7,0.28158209,0.105645067,0.28,0,0.6,0.22,0.34
NA,NA,NA,NA,NA,NA,NA,1,AGUIX,aorta,26684,3.52,NA,NA,NA,NA,NA,NA,NA
117.16475,18.59552654,117,19,192,107,128,2,AGUIX,aorta,26684,3.52,0.80560585,0.262308523,0.84,0,1.38,0.66,1
99.79075,15.79550456,99,9,175,90,108,3,AGUIX,aorta,26684,3.52,0.493802228,0.167452733,0.5,0,0.9,0.4,0.62
83.59525,12.05947459,84,28,155,76,91,4,AGUIX,aorta,26684,3.52,0.234247911,0.137459256,0.24,0,0.62,0.12,0.32
73.204,12.4092862,73,15,141,65,81,5,AGUIX,aorta,26684,3.52,0.091727019,0.079237826,0.08,0,0.38,0.02,0.14
291.4115881,183.9611826,362.5,-149,557,87.25,433,1,AGUIX,aorta,26375,3.23,5.602716981,0.766607707,5.46,0.32,7.48,5.12,5.92
108.1486521,13.71192205,108,28,160,99,117,2,AGUIX,aorta,26375,3.23,0.694415533,0.130493332,0.7,0,1.22,0.62,0.78
108.3354414,14.03978176,108,37,168,99,117.75,3,AGUIX,aorta,26375,3.23,0.67463993,0.172921329,0.66,0,1.22,0.54,0.78
91.29666539,12.13203596,91,7,138,83,99,4,AGUIX,aorta,26375,3.23,0.420132092,0.112551583,0.42,0,0.78,0.36,0.48
73.16877475,12.28181524,73,-22,122,65,81,5,AGUIX,aorta,26375,3.23,0.136777274,0.084510527,0.14,0,0.42,0.08,0.2
58.81225033,24.54206225,58,-34,174,46,70,1,AGUIX,vena cava,26201,3.1,0.131754993,0.305468985,0.08,0,2.44,0,0.14
93.45081656,13.45208374,94,22,141,85,103,2,AGUIX,vena cava,26201,3.1,0.551077352,0.153077528,0.58,0,0.9,0.44,0.66
86.03329535,11.84633992,86,28,144,78,94,3,AGUIX,vena cava,26201,3.1,0.450950753,0.140375295,0.48,0,0.76,0.36,0.56
78.06962907,12.91140409,78,18,127,70,87,4,AGUIX,vena cava,26201,3.1,0.331439423,0.099417683,0.34,0,0.58,0.28,0.4
61.67464236,13.28883811,62,-22,102,53.5,71,5,AGUIX,vena cava,26201,3.1,0.105772883,0.080642405,0.1,0,0.42,0.02,0.16
56.32107292,17.91634366,57,-80,222,46,67,1,AGUIX,vena cava,26608,2.9,0.136402184,0.144427383,0.1,0,2.4,0.02,0.235
105.5200863,16.38242672,106,-13,157,95,117,2,AGUIX,vena cava,26608,2.9,0.792684974,0.210445363,0.82,0,1.32,0.66,0.94
101.177959,16.17894414,102,-17,148,91,112,3,AGUIX,vena cava,26608,2.9,0.718975896,0.185776408,0.76,0,1.28,0.62,0.86
88.15649358,14.53425632,89,-16,141,79,98,4,AGUIX,vena cava,26608,2.9,0.569953232,0.193061649,0.56,0,1.04,0.42,0.7
69.63772635,17.25370798,71,-20,130,61,81,5,AGUIX,vena cava,26608,2.9,0.305288404,0.117695006,0.3,0,0.62,0.22,0.4
53.845604,15.66529494,54,-3,127,44,64,1,AGUIX,vena cava,26599,3.22,0.143527426,0.110559968,0.12,0,0.68,0.06,0.22
112.0582778,19.29830996,113,-29,168,100,126,2,AGUIX,vena cava,26599,3.22,0.817704385,0.18668568,0.82,0,1.38,0.72,0.92
107.038059,16.22623352,108,-28,156,97,118,3,AGUIX,vena cava,26599,3.22,0.854044396,0.219968114,0.86,0,1.36,0.68,1.04
94.36310657,15.54031785,95,-19,145,85,105,4,AGUIX,vena cava,26599,3.22,0.544775311,0.123458878,0.56,0,0.88,0.48,0.62
77.52794957,16.56791027,79,-10,125,68,89,5,AGUIX,vena cava,26599,3.22,0.372199964,0.128629219,0.38,0,0.76,0.3,0.46
103.3553483,127.4669812,67,-32,799,49,91,1,AGUIX,vena cava,26285,2.7,0.907875559,1.980408006,0.24,0,12.12,0.04,0.48
125.1372288,19.76489169,126,50,197,111,140,2,AGUIX,vena cava,26285,2.7,0.954393262,0.241982441,0.92,0,1.92,0.8,1.08
113.4607918,17.71551951,113,32,175,102,125,3,AGUIX,vena cava,26285,2.7,0.876909591,0.307765216,0.82,0,1.66,0.66,1.08
94.79862962,16.41932991,95,27,145,83,107,4,AGUIX,vena cava,26285,2.7,0.576693022,0.146922348,0.56,0.16,1.04,0.48,0.68
78.38028169,16.32485801,78,23,129,67,89,5,AGUIX,vena cava,26285,2.7,0.282231007,0.125425259,0.28,0,0.62,0.2,0.36
NA,NA,NA,NA,NA,NA,NA,1,AGUIX,vena cava,26684,3.52,NA,NA,NA,NA,NA,NA,NA
93.102889,11.52849911,94,41,127,86,101,2,AGUIX,vena cava,26684,3.52,0.884362764,0.406981924,0.96,0,1.72,0.56,1.16
87.66294982,11.35410913,88,30,121,81,95,3,AGUIX,vena cava,26684,3.52,0.424619962,0.193140028,0.44,0,1.1,0.32,0.56
85.39381652,11.44193576,86,31,115,79,93,4,AGUIX,vena cava,26684,3.52,0.316583493,0.148027067,0.32,0,0.74,0.22,0.42
69.4282818,12.22974658,70,28,109,61,78,5,AGUIX,vena cava,26684,3.52,0.124769674,0.094406392,0.12,0,0.44,0.04,0.2
69.23390588,53.76875637,61,-101,527,50,73,1,AGUIX,vena cava,26375,3.23,0.162491272,0.789411926,0,0,6.76,0,0
108.0329563,13.04812377,109,15,158,100,117,2,AGUIX,vena cava,26375,3.23,0.56460364,0.125201602,0.56,0,0.96,0.48,0.64
103.9784481,12.41492207,104,20,149,96,112,3,AGUIX,vena cava,26375,3.23,0.500356561,0.128322849,0.52,0,0.88,0.42,0.58
92.0416143,11.62876081,92,19,135,85,100,4,AGUIX,vena cava,26375,3.23,0.378090583,0.108861752,0.38,0,0.68,0.3,0.46
70.91639901,11.40889621,71,17,120,64,78,5,AGUIX,vena cava,26375,3.23,0.089550808,0.073630166,0.08,0,0.42,0.02,0.14
73.3018797,6.759007465,72.5,61.66666667,87.16666667,69.08333333,77.45833334,1,GBCA,liver,26201,3.1,NA,,NA,NA,NA,NA,NA
85.51666667,8.015702417,84.66666667,71,103.3333333,80.16666667,90.58333333,2,GBCA,liver,26201,3.1,NA,,NA,NA,NA,NA,NA
85.16666667,5.831847255,84.16666667,76.66666667,98.33333333,80.83333333,89.58333333,3,GBCA,liver,26201,3.1,NA,,NA,NA,NA,NA,NA
77.68333333,6.485909747,78.16666667,65.66666667,89.66666667,73.91666667,82,4,GBCA,liver,26201,3.1,NA,,NA,NA,NA,NA,NA
68.96666667,7.325190147,69,55.66666667,81.33333333,63.75,74.5,5,GBCA,liver,26201,3.1,NA,,NA,NA,NA,NA,NA
71.26649958,9.215195546,71.33333333,52.33333333,89.33333333,65.5,77.33333333,1,GBCA,liver,26608,2.9,NA,,NA,NA,NA,NA,NA
NA,NA,NA,NA,NA,NA,NA,2,GBCA,liver,26608,2.9,NA,,NA,NA,NA,NA,NA
NA,NA,NA,NA,NA,NA,NA,3,GBCA,liver,26608,2.9,NA,,NA,NA,NA,NA,NA
NA,NA,NA,NA,NA,NA,NA,4,GBCA,liver,26608,2.9,NA,,NA,NA,NA,NA,NA
NA,NA,NA,NA,NA,NA,NA,5,GBCA,liver,26608,2.9,NA,,NA,NA,NA,NA,NA
68.09210526,8.149452722,69.33333333,53,85.33333333,61.91666667,72.91666667,1,GBCA,liver,26599,3.22,NA,,NA,NA,NA,NA,NA
84.09454191,8.385816056,83.33333333,69.66666667,101,77.83333333,88.91666667,2,GBCA,liver,26599,3.22,NA,,NA,NA,NA,NA,NA
84.55789474,9.259588282,84.5,68.66666667,104,77.83333333,90.41666667,3,GBCA,liver,26599,3.22,NA,,NA,NA,NA,NA,NA
74.75964912,6.655355808,74.83333333,63,87,70.33333333,78.75,4,GBCA,liver,26599,3.22,NA,,NA,NA,NA,NA,NA
69.70526316,8.825939139,69,51.66666667,88.33333333,65.08333333,75,5,GBCA,liver,26599,3.22,NA,,NA,NA,NA,NA,NA
65.61152882,6.529769033,65.66666667,54.66666667,78.33333333,61.16666667,70.16666667,1,GBCA,liver,26285,2.7,NA,,NA,NA,NA,NA,NA
NA,NA,NA,NA,NA,NA,NA,2,GBCA,liver,26285,2.7,NA,,NA,NA,NA,NA,NA
NA,NA,NA,NA,NA,NA,NA,3,GBCA,liver,26285,2.7,NA,,NA,NA,NA,NA,NA
NA,NA,NA,NA,NA,NA,NA,4,GBCA,liver,26285,2.7,NA,,NA,NA,NA,NA,NA
NA,NA,NA,NA,NA,NA,NA,5,GBCA,liver,26285,2.7,NA,,NA,NA,NA,NA,NA
64.50350877,7.109681542,64,51,80,60.33333333,68.41666667,1,GBCA,liver,26684,3.52,NA,,NA,NA,NA,NA,NA
89.40350877,8.189188622,90,73,102,83.5,96.33333333,2,GBCA,liver,26684,3.52,NA,,NA,NA,NA,NA,NA
85.1754386,7.633218904,84.66666667,70.66666667,101,80.83333333,89.66666667,3,GBCA,liver,26684,3.52,NA,,NA,NA,NA,NA,NA
75.05263158,8.973918793,74,62.33333333,93.33333333,67.5,79.5,4,GBCA,liver,26684,3.52,NA,,NA,NA,NA,NA,NA
71,8.373224416,71,53,85.33333333,65.83333333,75.83333333,5,GBCA,liver,26684,3.52,NA,,NA,NA,NA,NA,NA
58.19883041,6.497851606,58.33333333,47.66666667,71.66666667,53.83333333,61.5,1,GBCA,liver,26375,3.23,NA,,NA,NA,NA,NA,NA
99.46115288,6.862528305,100,87.66666667,112,94.66666667,104.1666667,2,GBCA,liver,26375,3.23,NA,,NA,NA,NA,NA,NA
82.10025063,6.408333387,81,72.33333333,94.33333333,77.83333333,86.5,3,GBCA,liver,26375,3.23,NA,,NA,NA,NA,NA,NA
79.2823726,7.81354407,79.66666667,65.33333333,95.33333333,73.83333333,84.33333333,4,GBCA,liver,26375,3.23,NA,,NA,NA,NA,NA,NA
68.94319131,10.68702535,69.66666667,44.66666667,87.66666667,62.16666667,77.16666667,5,GBCA,liver,26375,3.23,NA,,NA,NA,NA,NA,NA
60.78031189,8.413653447,62,43,75.33333333,54.83333333,66.58333333,1,GBCA,spleen,26201,3.1,NA,,NA,NA,NA,NA,NA
122.881746,10.91188892,124.1666667,97,139.6666667,116.75,129.3333333,2,GBCA,spleen,26201,3.1,NA,,NA,NA,NA,NA,NA
109.3153439,8.537299739,109.5,94.66666667,124.3333333,103.25,115.25,3,GBCA,spleen,26201,3.1,NA,,NA,NA,NA,NA,NA
89.79259259,8.430214748,89.16666667,76,108,83.16666667,95.58333333,4,GBCA,spleen,26201,3.1,NA,,NA,NA,NA,NA,NA
65.42142857,10.66130107,68.33333333,34,77.66666667,61.08333333,72.5,5,GBCA,spleen,26201,3.1,NA,,NA,NA,NA,NA,NA
169.9390142,9.615309874,169.6666667,153.3333333,193,163.3333333,175,1,GBCA,spleen,26608,2.9,NA,,NA,NA,NA,NA,NA
98.41436926,7.509948587,98.66666667,82.66666667,114.6666667,93.5,102.5,2,GBCA,spleen,26608,2.9,NA,,NA,NA,NA,NA,NA
87.26566416,8.578982166,86,71.66666667,106.6666667,81.5,91.66666667,3,GBCA,spleen,26608,2.9,NA,,NA,NA,NA,NA,NA
75.05513784,9.732077864,75,58.33333333,91.33333333,71,82.83333333,4,GBCA,spleen,26608,2.9,NA,,NA,NA,NA,NA,NA
NA,NA,NA,NA,NA,NA,NA,5,GBCA,spleen,26608,2.9,NA,,NA,NA,NA,NA,NA
84.43859649,9.066007938,84.33333333,68.66666667,101.6666667,78.5,90,1,GBCA,spleen,26599,3.22,NA,,NA,NA,NA,NA,NA
152.9796157,6.460588175,153,141.6666667,167,149.1666667,156.5833333,2,GBCA,spleen,26599,3.22,NA,,NA,NA,NA,NA,NA
101.1578947,8.59933575,102,83,117.3333333,95.66666667,106.3333333,3,GBCA,spleen,26599,3.22,NA,,NA,NA,NA,NA,NA
88.1754386,7.273329611,88.33333333,76.66666667,102,82.66666667,93.33333333,4,GBCA,spleen,26599,3.22,NA,,NA,NA,NA,NA,NA
84.10526316,10.52399185,86,62,102,77.83333333,92,5,GBCA,spleen,26599,3.22,NA,,NA,NA,NA,NA,NA
107.6991228,12.29066352,106.8333333,83.66666667,128,99.16666667,117.25,1,GBCA,spleen,26285,2.7,NA,,NA,NA,NA,NA,NA
123.6340852,8.860442921,122.3333333,106.6666667,144.6666667,118.8333333,128,2,GBCA,spleen,26285,2.7,NA,,NA,NA,NA,NA,NA
93.08521303,7.808175521,94,77.33333333,106.6666667,87.33333333,98.5,3,GBCA,spleen,26285,2.7,NA,,NA,NA,NA,NA,NA
75.75438596,9.086797528,76,54.33333333,90,71.33333333,82.5,4,GBCA,spleen,26285,2.7,NA,,NA,NA,NA,NA,NA
76.04845447,8.50316675,75.66666667,58.66666667,91.33333333,71,82,5,GBCA,spleen,26285,2.7,NA,,NA,NA,NA,NA,NA
141.4684211,8.982702495,141.3333333,126.3333333,158.6666667,133.5833333,146.5,1,GBCA,spleen,26684,3.52,NA,,NA,NA,NA,NA,NA
99.4085213,8.485485178,100,82.33333333,115.3333333,93.83333333,104,2,GBCA,spleen,26684,3.52,NA,,NA,NA,NA,NA,NA
84.39515455,8.340515659,84,70.33333333,100.3333333,78.83333333,91.33333333,3,GBCA,spleen,26684,3.52,NA,,NA,NA,NA,NA,NA
79.86466165,8.287832873,79.66666667,64.33333333,96.33333333,74.16666667,85.16666667,4,GBCA,spleen,26684,3.52,NA,,NA,NA,NA,NA,NA
80.29072682,5.481085174,81,68,89.33333333,76.66666667,84.5,5,GBCA,spleen,26684,3.52,NA,,NA,NA,NA,NA,NA
74.49047619,7.157980893,75.16666667,58.66666667,85.33333333,70.75,79.75,1,GBCA,spleen,26375,3.23,NA,,NA,NA,NA,NA,NA
89.29285714,6.587774273,89,76.33333333,101.3333333,84.91666667,93.91666667,2,GBCA,spleen,26375,3.23,NA,,NA,NA,NA,NA,NA
76.66349206,6.905381871,76.33333333,65.33333333,92,72,80.41666667,3,GBCA,spleen,26375,3.23,NA,,NA,NA,NA,NA,NA
70.13253968,9.382328095,70,50.33333333,86,64.25,76.91666667,4,GBCA,spleen,26375,3.23,NA,,NA,NA,NA,NA,NA
69.47222222,6.256074521,69.66666667,57,83,66.08333333,73.16666667,5,GBCA,spleen,26375,3.23,NA,,NA,NA,NA,NA,NA
71.77089783,8.612476347,71.33333333,54.33333333,88.33333333,67.16666667,75.83333333,1,AGUIX,liver,26201,3.1,0.053650794,0.00523569,0.053333333,0.046666667,0.066666667,0.053333333,0.053333333
78.93492063,7.464394153,78.16666667,64.33333333,92.33333333,74,84.08333333,2,AGUIX,liver,26201,3.1,0.351035088,0.030126294,0.353333333,0.313333333,0.44,0.326666667,0.363333333
86.25079365,6.964793613,86.33333333,71,100.3333333,82.08333333,90.66666667,3,AGUIX,liver,26201,3.1,0.270859649,0.036478562,0.276666667,0.2,0.333333333,0.245,0.295
79.32301587,8.950967999,79.83333333,65,95,71.25,87.25,4,AGUIX,liver,26201,3.1,0.157877193,0.036821575,0.153333333,0.106666667,0.233333333,0.126666667,0.181666667
72.14206349,7.700446804,71,60.33333333,86,66.41666667,77.33333333,5,AGUIX,liver,26201,3.1,0.050333333,0.011039681,0.053333333,0.033333333,0.066666667,0.04,0.055
77.07719298,8.36138659,78,61.33333333,90.66666667,72,84.16666667,1,AGUIX,liver,26608,2.9,NA,NA,NA,NA,NA,NA,NA
109.4333333,8.554301969,110.1666667,92.66666667,124.3333333,102.5,115.5833333,2,AGUIX,liver,26608,2.9,0.222790309,0.024167339,0.226666667,0.186666667,0.26,0.2,0.236666667
100.0666667,9.260444893,99.33333333,83.66666667,117,94.66666667,107,3,AGUIX,liver,26608,2.9,0.241136174,0.031900557,0.246666667,0.186666667,0.286666667,0.223333333,0.26
93.3,9.591977536,92.83333333,76.33333333,114,87.33333333,99.08333333,4,AGUIX,liver,26608,2.9,0.151512114,0.014723164,0.153333333,0.126666667,0.166666667,0.143333333,0.166666667
88.11666667,8.487086942,88.16666667,70.66666667,103.3333333,82.5,94.5,5,AGUIX,liver,26608,2.9,0.049273183,0.027784473,0.046666667,0.013333333,0.106666667,0.026666667,0.066666667
79.25175439,9.213509932,79.16666667,62.33333333,94.33333333,72.33333333,86.75,1,AGUIX,liver,26599,3.22,0.000952381,0.002332847,0,0,0.006666667,0,0
109.5895572,7.062211379,110.5,96.66666667,122.3333333,105,114.8333333,2,AGUIX,liver,26599,3.22,0.404631579,0.027501981,0.406666667,0.333333333,0.44,0.39,0.426666667
97.01854637,6.704554538,97.33333333,83.66666667,110.3333333,92.33333333,101.8333333,3,AGUIX,liver,26599,3.22,0.428507101,0.028407635,0.426666667,0.38,0.473333333,0.4,0.455
98.15075188,7.288572404,99.83333333,83.66666667,110.6666667,93,102.75,4,AGUIX,liver,26599,3.22,0.260934837,0.033630537,0.263333333,0.206666667,0.326666667,0.231666667,0.283333333
92.63091061,6.763786434,93.33333333,80.66666667,105.3333333,87.16666667,97.16666667,5,AGUIX,liver,26599,3.22,0.153086048,0.02517517,0.153333333,0.113333333,0.206666667,0.133333333,0.165
65.98913952,9.319644524,65.66666667,48.66666667,82,59.5,73.5,1,AGUIX,liver,26285,2.7,0,0,0,0,0,0,0
100.7960317,8.376455001,100.6666667,86.33333333,115,94.58333333,108.0833333,2,AGUIX,liver,26285,2.7,0.542581454,0.037154486,0.543333333,0.48,0.6,0.511666667,0.573333333
94.43796992,8.211091374,94.5,80.66666667,110,89.16666667,99.91666667,3,AGUIX,liver,26285,2.7,0.265776942,0.030162611,0.26,0.22,0.326666667,0.24,0.29
90.98429407,7.997914132,91.16666667,75.33333333,107.3333333,86.16666667,96.66666667,4,AGUIX,liver,26285,2.7,0.292330827,0.023395806,0.286666667,0.253333333,0.333333333,0.28,0.306666667
78.76825397,8.568036263,79,64.33333333,97,71.83333333,83.5,5,AGUIX,liver,26285,2.7,0.125614035,0.012354044,0.126666667,0.1,0.146666667,0.12,0.133333333
NA,NA,NA,NA,NA,NA,NA,1,AGUIX,liver,26684,3.52,0,0,0,0,0,0,0
77.14202172,9.182534783,79,60.33333333,91.66666667,69.5,83.16666667,2,AGUIX,liver,26684,3.52,0.351333333,0.027303977,0.353333333,0.306666667,0.4,0.333333333,0.368333333
76.99749373,7.737704264,77.66666667,60.33333333,91.33333333,71.83333333,81.16666667,3,AGUIX,liver,26684,3.52,0.255333333,0.030922363,0.26,0.193333333,0.3,0.236666667,0.275
66.36340852,8.967333232,65.33333333,52.66666667,84.33333333,59.16666667,73.5,4,AGUIX,liver,26684,3.52,0.157333333,0.029121139,0.16,0.113333333,0.206666667,0.136666667,0.171666667
62.77192982,6.033222282,63.33333333,50,72.66666667,58.16666667,67.5,5,AGUIX,liver,26684,3.52,0.040666667,0.019720525,0.043333333,0.013333333,0.066666667,0.02,0.06
88.36675021,10.3780333,89.33333333,69,109.6666667,81,95,1,AGUIX,liver,26375,3.23,0,0,0,0,0,0,0
99.5254386,10.07336588,100.1666667,80.33333333,119.3333333,93.66666667,106.0833333,2,AGUIX,liver,26375,3.23,0.051253968,0.020336472,0.046666667,0.026666667,0.106666667,0.04,0.06
100.8324561,7.893713593,101.1666667,87.33333333,114.3333333,95,106.3333333,3,AGUIX,liver,26375,3.23,0.000634921,0.002839451,0,0,0.013333333,0,0
89.85350877,8.995389278,87.83333333,74.66666667,109.3333333,83.75,96.33333333,4,AGUIX,liver,26375,3.23,0.080761905,0.025319999,0.076666667,0.04,0.126666667,0.06,0.095
85.78157895,8.554961631,85.66666667,68.33333333,101,81.08333333,90.5,5,AGUIX,liver,26375,3.23,0,0,0,0,0,0,0
99.13095238,9.67219597,98.83333333,80.66666667,120.3333333,92.08333333,103.6666667,1,AGUIX,spleen,26201,3.1,0.23615873,0.031126577,0.22,0.2,0.313333333,0.213333333,0.253333333
102.5004177,13.95210032,104.3333333,75.33333333,125,91.83333333,113,2,AGUIX,spleen,26201,3.1,0.291862991,0.093662678,0.313333333,0.093333333,0.4,0.23,0.363333333
79.57560568,13.44421748,78,58.33333333,106.3333333,68.33333333,88.66666667,3,AGUIX,spleen,26201,3.1,0.181553885,0.030294787,0.186666667,0.133333333,0.24,0.153333333,0.206666667
79.38011696,11.34091877,79.66666667,53,102.3333333,73.66666667,85.83333333,4,AGUIX,spleen,26201,3.1,0.042389307,0.024089369,0.026666667,0.02,0.1,0.026666667,0.053333333
69.73600668,8.804774106,71,52.66666667,85.33333333,64.33333333,76.83333333,5,AGUIX,spleen,26201,3.1,0.008253968,0.00613939,0.006666667,0,0.02,0.006666667,0.013333333
188.4051796,10.71995544,186.6666667,166.3333333,210.6666667,182,196,1,AGUIX,spleen,26608,2.9,1.657527151,0.064828699,1.666666667,1.526666667,1.753333333,1.616666667,1.703333333
174.1851852,10.30458474,174.6666667,154,191,167.3333333,181.5833333,2,AGUIX,spleen,26608,2.9,1.394111111,0.053240424,1.39,1.313333333,1.493333333,1.351666667,1.436666667
137.1611111,12.37333575,139.6666667,111.3333333,152.6666667,132.5,147,3,AGUIX,spleen,26608,2.9,0.738703704,0.095436262,0.773333333,0.513333333,0.826666667,0.721666667,0.8
89.51481481,11.90933653,92.33333333,69,108.6666667,79.08333333,97.83333333,4,AGUIX,spleen,26608,2.9,0.193148148,0.048624989,0.21,0.113333333,0.253333333,0.155,0.231666667
88.77777778,7.670358754,88.5,75.33333333,103.3333333,82.75,94.16666667,5,AGUIX,spleen,26608,2.9,0.210851852,0.032011228,0.21,0.153333333,0.266666667,0.191666667,0.231666667
122.7793651,11.6370519,125.8333333,95.66666667,142.3333333,115.25,130.4166667,1,AGUIX,spleen,26599,3.22,0.799269841,0.03994986,0.803333333,0.72,0.866666667,0.771666667,0.826666667
144.4552632,10.2051777,144.1666667,124.3333333,163.3333333,137.6666667,151.6666667,2,AGUIX,spleen,26599,3.22,0.923105263,0.029202833,0.926666667,0.866666667,0.98,0.905,0.946666667
122.4140351,11.19471826,123.6666667,100.3333333,142,115.1666667,130.1666667,3,AGUIX,spleen,26599,3.22,0.493964912,0.05104845,0.493333333,0.413333333,0.58,0.45,0.531666667
98.86578947,7.682554832,98.5,83.66666667,114.3333333,93.83333333,104.9166667,4,AGUIX,spleen,26599,3.22,0.152368421,0.03888578,0.146666667,0.073333333,0.233333333,0.125,0.18
91.27807018,9.461746165,90.16666667,76.66666667,112.3333333,84.25,98.08333333,5,AGUIX,spleen,26599,3.22,0.306421053,0.018259877,0.303333333,0.28,0.34,0.295,0.32
104.2823726,11.02750233,105.6666667,82.33333333,125,97.5,111.3333333,1,AGUIX,spleen,26285,2.7,0.25154553,0.04048964,0.246666667,0.186666667,0.32,0.223333333,0.286666667
132.4912281,9.043458339,131.6666667,111.3333333,151,127.5,137.5,2,AGUIX,spleen,26285,2.7,0.834035088,0.032618181,0.833333333,0.766666667,0.9,0.813333333,0.85
146.1578947,10.73014401,145,128.3333333,165.3333333,137.5,154.5,3,AGUIX,spleen,26285,2.7,0.810526316,0.046291013,0.82,0.72,0.88,0.783333333,0.843333333
106.6140351,10.40515178,103.6666667,91,130,100,112.1666667,4,AGUIX,spleen,26285,2.7,0.367368421,0.034749304,0.366666667,0.3,0.426666667,0.346666667,0.39
87.31578947,8.090526426,86.66666667,73,102.6666667,81.5,93.5,5,AGUIX,spleen,26285,2.7,0.149473684,0.015852318,0.153333333,0.126666667,0.173333333,0.136666667,0.163333333
NA,NA,NA,NA,NA,NA,NA,1,AGUIX,spleen,26684,3.52,NA,NA,NA,NA,NA,NA,NA
147.4579365,6.705742196,147.3333333,133.6666667,158,143.3333333,153.0833333,2,AGUIX,spleen,26684,3.52,0.742820106,0.042292109,0.743333333,0.666666667,0.813333333,0.713333333,0.78
107.2314815,6.749892429,107.3333333,94,121,102.3333333,111.4166667,3,AGUIX,spleen,26684,3.52,0.174862434,0.027356315,0.18,0.133333333,0.213333333,0.153333333,0.195
85.66296296,5.775464294,84.66666667,74.33333333,97,82.33333333,90.25,4,AGUIX,spleen,26684,3.52,0.084206349,0.029424461,0.083333333,0.033333333,0.126666667,0.055,0.106666667
78.18492063,6.309953892,78.16666667,67.33333333,91,73.91666667,82.83333333,5,AGUIX,spleen,26684,3.52,0.032037037,0.008479294,0.033333333,0.013333333,0.046666667,0.026666667,0.035
177.5269841,9.681707396,177,156,197.6666667,172.1666667,183.75,1,AGUIX,spleen,26375,3.23,1.843984127,0.059029575,1.85,1.746666667,1.926666667,1.798333333,1.893333333
124.3249791,10.19220972,125,106,144.3333333,117,130.6666667,2,AGUIX,spleen,26375,3.23,0.599515455,0.036381104,0.613333333,0.52,0.646666667,0.58,0.626666667
100.7986633,7.359582453,102,87.33333333,116,94.66666667,105.3333333,3,AGUIX,spleen,26375,3.23,0.360133668,0.024325983,0.36,0.313333333,0.393333333,0.34,0.373333333
94.13784461,9.5686873,93.33333333,74.33333333,110.6666667,86.33333333,101,4,AGUIX,spleen,26375,3.23,0.194903926,0.027247588,0.186666667,0.16,0.26,0.173333333,0.206666667
77.00083542,7.761688807,76.33333333,63,92.66666667,71.83333333,83.16666667,5,AGUIX,spleen,26375,3.23,0.091779449,0.010973872,0.093333333,0.066666667,0.106666667,0.09,0.1
117.71,15.55118109,116,82,178,108,124.25,1,AGUIX,l cortex,26201,3.1,0.700266667,0.120730812,0.7,0.34,1.02,0.64,0.76
103.9027778,13.64665851,103,61,148,95,113,2,AGUIX,l cortex,26201,3.1,0.575324074,0.064931492,0.58,0.3,0.7,0.54,0.62
97.18518519,10.02233446,98,68,127,90,104,3,AGUIX,l cortex,26201,3.1,0.339398148,0.070819337,0.34,0.08,0.58,0.3,0.38
107.5092593,12.46346169,107,76,153,100,115,4,AGUIX,l cortex,26201,3.1,0.616018519,0.103757551,0.6,0.36,0.9,0.54,0.66
85.63194444,12.72087079,86,25,118,78,94,5,AGUIX,l cortex,26201,3.1,0.105231481,0.065542198,0.1,0,0.28,0.06,0.145
145.0375,16.23283228,145.5,103,182,134,158,1,AGUIX,l cortex,26608,2.9,0.956625,0.183039912,0.96,0.6,1.32,0.8,1.12
121.7772657,15.40177257,122,76,159,111,133,2,AGUIX,l cortex,26608,2.9,0.64734255,0.142117531,0.68,0.24,0.92,0.54,0.76
123.4270353,14.55912698,126,72,159,114,134,3,AGUIX,l cortex,26608,2.9,0.80562212,0.160872348,0.8,0.2,1.42,0.72,0.9
128.1643625,13.34508391,128,88,165,120,137,4,AGUIX,l cortex,26608,2.9,0.632043011,0.133927915,0.64,0.2,1.06,0.54,0.72
98.61443932,10.87961102,100,62,130,92,106,5,AGUIX,l cortex,26608,2.9,0.288847926,0.091044763,0.3,0.02,0.5,0.22,0.36
110.6639344,14.0922666,110,61,144,102,121,1,AGUIX,l cortex,26599,3.22,0.555081967,0.198846039,0.6,0.2,0.96,0.355,0.7
117.1210191,15.6975191,117,74,160,107,128,2,AGUIX,l cortex,26599,3.22,0.636815287,0.202519287,0.66,0.12,1.1,0.52,0.78
148.1910828,19.4386619,149,103,195,134,162,3,AGUIX,l cortex,26599,3.22,1.24566879,0.336656043,1.28,0.54,2.06,1,1.475
153.9267516,19.69588169,151.5,104,206,139,166,4,AGUIX,l cortex,26599,3.22,1.351210191,0.282715112,1.34,0.8,2.22,1.18,1.48
155.4808917,15.70167598,156.5,107,195,146,165.75,5,AGUIX,l cortex,26599,3.22,1.274267516,0.167811708,1.26,0.84,1.66,1.16,1.4
89.73333333,13.92344146,91,58,129,79.25,99.75,1,AGUIX,l cortex,26285,2.7,0.347714286,0.261904225,0.26,0,1.04,0.12,0.56
124.6262834,17.12773509,124,73,169,113,136,2,AGUIX,l cortex,26285,2.7,0.804106776,0.242894026,0.72,0.36,1.32,0.6,1.03
127.4353183,13.13628707,127,94,175,119,136,3,AGUIX,l cortex,26285,2.7,0.897823409,0.205311867,0.86,0.5,1.46,0.73,1.06
133.0821355,15.86562636,132,93,179,122,143,4,AGUIX,l cortex,26285,2.7,1.107926078,0.34638943,1.12,0.52,2.18,0.82,1.36
141.4209446,19.53550479,140,93,210,129,153,5,AGUIX,l cortex,26285,2.7,1.189856263,0.413316058,1.22,0.36,2.64,0.88,1.49
NA,NA,NA,NA,NA,NA,NA,1,AGUIX,l cortex,26684,3.52,NA,NA,NA,NA,NA,NA,NA
168.3594306,11.69309458,170,127,196,162,177,2,AGUIX,l cortex,26684,3.52,1.591245552,0.270276411,1.64,1.1,2.02,1.38,1.82
136.9893238,14.62350372,137,99,169,127,148,3,AGUIX,l cortex,26684,3.52,1.183060498,0.278221141,1.24,0.66,1.84,0.92,1.4
110,11.75036912,110,69,138,102,119,4,AGUIX,l cortex,26684,3.52,0.662989324,0.117771251,0.64,0.4,0.96,0.6,0.74
89.87900356,9.877521503,91,65,120,84,97,5,AGUIX,l cortex,26684,3.52,0.400711744,0.08434503,0.42,0.18,0.56,0.36,0.46
137.4885845,14.32351604,138,97,181,128,147,1,AGUIX,l cortex,26375,3.23,0.887853881,0.190678808,0.94,0.48,1.22,0.7,1.04
121.9607477,15.9248337,123,63,160,110,133,2,AGUIX,l cortex,26375,3.23,0.732411215,0.239797381,0.74,0.1,1.24,0.58,0.86
120.071028,17.26198898,122,62,164,109.5,132,3,AGUIX,l cortex,26375,3.23,0.499364486,0.161169696,0.52,0.06,0.94,0.38,0.62
153.6542056,24.24027035,156,77,217,140,170,4,AGUIX,l cortex,26375,3.23,1.184672897,0.370744938,1.22,0.3,1.98,0.92,1.42
119.753271,16.12575764,120,61,164,109,131,5,AGUIX,l cortex,26375,3.23,0.597271028,0.199833649,0.6,0.02,1.12,0.48,0.72
106.4875622,13.10543143,105,74,145,97,114,1,AGUIX,r cortex,26201,3.1,0.594925373,0.091641305,0.6,0.38,0.8,0.54,0.66
109.6113602,11.50180032,110,68,145,102,117,2,AGUIX,r cortex,26201,3.1,0.478714499,0.15110601,0.48,0,0.74,0.36,0.62
101.3497758,15.68763437,102,55,147,90,112,3,AGUIX,r cortex,26201,3.1,0.601106129,0.146955051,0.6,0.2,1.02,0.5,0.72
113.7698057,13.46414993,114,75,159,105,122,4,AGUIX,r cortex,26201,3.1,0.594349776,0.215603031,0.56,0.14,1.54,0.44,0.74
85.4813154,12.2287011,85,50,126,77,93,5,AGUIX,r cortex,26201,3.1,0.288938714,0.145652218,0.28,0,1,0.2,0.36
152.3797468,13.97085918,154,108,183,142.25,162.75,1,AGUIX,r cortex,26608,2.9,1.322278481,0.153507097,1.3,0.98,1.68,1.22,1.46
119.6686391,11.75928282,119.5,91,158,112,126,2,AGUIX,r cortex,26608,2.9,0.723431953,0.192166247,0.72,0.34,1.16,0.565,0.9
119.0325444,12.78134759,118,78,156,110,127.75,3,AGUIX,r cortex,26608,2.9,0.79887574,0.219763003,0.8,0.36,1.54,0.66,0.92
124.4319527,11.06689382,125,84,153,118,131,4,AGUIX,r cortex,26608,2.9,0.842781065,0.109708945,0.86,0.56,1.14,0.76,0.92
99.02366864,13.03248225,99,67,141,91,108,5,AGUIX,r cortex,26608,2.9,0.406568047,0.139951586,0.36,0.22,0.7,0.28,0.5
133.300885,15.6608892,135,86,167,122,145,1,AGUIX,r cortex,26599,3.22,0.838761062,0.150956436,0.84,0.38,1.14,0.74,0.94
131.0702875,21.40096842,129,79,197,115,145,2,AGUIX,r cortex,26599,3.22,1.107412141,0.294969559,1.08,0.5,1.86,0.9,1.3
157.7476038,18.97644923,160,94,207,150,168,3,AGUIX,r cortex,26599,3.22,1.511565495,0.247694371,1.54,0.88,2.12,1.34,1.64
161.1821086,24.09410596,161,89,227,145,176,4,AGUIX,r cortex,26599,3.22,1.604025559,0.309282008,1.56,0.9,2.58,1.38,1.72
146.6230032,21.75990938,145,96,204,130,161,5,AGUIX,r cortex,26599,3.22,1.469904153,0.287005567,1.46,0.94,2.22,1.24,1.66
107.1694915,24.81398768,103,61,184,90,121,1,AGUIX,r cortex,26285,2.7,0.645169492,0.203766371,0.68,0.16,1.04,0.54,0.76
123.3790524,12.63474843,124,79,159,115,132,2,AGUIX,r cortex,26285,2.7,0.804738155,0.179782339,0.82,0.34,1.18,0.7,0.94
125.286783,20.27762547,126,60,179,113,139,3,AGUIX,r cortex,26285,2.7,0.86394015,0.211536208,0.82,0.48,1.5,0.72,0.96
135.1097257,23.05848425,137,74,188,119,151,4,AGUIX,r cortex,26285,2.7,1.145935162,0.221987589,1.16,0.5,1.64,1.02,1.28
138.032419,23.48961561,137,82,198,122,153,5,AGUIX,r cortex,26285,2.7,1.19276808,0.289559935,1.18,0.46,1.84,0.98,1.4
NA,NA,NA,NA,NA,NA,NA,1,AGUIX,r cortex,26684,3.52,NA,NA,NA,NA,NA,NA,NA
164.3153846,9.691022503,164,136,188,158,171,2,AGUIX,r cortex,26684,3.52,1.252076923,0.219797796,1.28,0.7,1.66,1.12,1.365
142.95,9.611361466,142,119,170,136,149,3,AGUIX,r cortex,26684,3.52,0.934538462,0.197949533,0.9,0.54,1.4,0.8,1.1
124.8192308,15.26742433,124,81,160,115,133.25,4,AGUIX,r cortex,26684,3.52,0.511076923,0.112961846,0.48,0.28,0.86,0.44,0.58
100.4423077,11.09853327,100,74,135,93,107,5,AGUIX,r cortex,26684,3.52,0.371769231,0.181908537,0.4,0,0.66,0.235,0.54
146.4223301,19.35341435,146,99,218,135,154,1,AGUIX,r cortex,26375,3.23,1.160776699,0.175994756,1.1,0.88,2.06,1.04,1.3
110.2159468,17.49294717,109,54,159,99,121,2,AGUIX,r cortex,26375,3.23,0.681395349,0.160180691,0.68,0.28,1.04,0.56,0.82
107.6677741,15.53163928,107,76,153,95,119,3,AGUIX,r cortex,26375,3.23,0.705581395,0.151828537,0.66,0.4,1.22,0.6,0.78
142.6777409,16.02424874,143,92,187,133,152,4,AGUIX,r cortex,26375,3.23,1.238471761,0.248384127,1.22,0.64,1.84,1.08,1.42
118.7142857,17.12543411,115,72,171,109,130,5,AGUIX,r cortex,26375,3.23,0.667574751,0.190689687,0.66,0.26,1.16,0.5,0.8
66.23161765,11.70727653,66,31,96,58,74,1,GBCA,l cortex,26201,3.1,NA,,NA,NA,NA,NA,NA
140.7452229,17.97074922,139,100,190,128.25,154,2,GBCA,l cortex,26201,3.1,NA,,NA,NA,NA,NA,NA
103.6273885,13.59835655,103,74,140,94,114,3,GBCA,l cortex,26201,3.1,NA,,NA,NA,NA,NA,NA
99.6910828,13.83398325,99,64,146,89.25,109,4,GBCA,l cortex,26201,3.1,NA,,NA,NA,NA,NA,NA
82.89808917,11.48090895,83,49,120,75,90,5,GBCA,l cortex,26201,3.1,NA,,NA,NA,NA,NA,NA
152.0252525,20.36049772,151.5,113,206,136,166,1,GBCA,l cortex,26608,2.9,NA,,NA,NA,NA,NA,NA
110.5757576,11.1446784,110,82,147,103,117,2,GBCA,l cortex,26608,2.9,NA,,NA,NA,NA,NA,NA
101.3989899,11.73389285,101.5,75,127,94,110.75,3,GBCA,l cortex,26608,2.9,NA,,NA,NA,NA,NA,NA
89.32323232,13.27550207,88,57,128,79.25,98,4,GBCA,l cortex,26608,2.9,NA,,NA,NA,NA,NA,NA
NA,NA,NA,NA,NA,NA,NA,5,GBCA,l cortex,26608,2.9,NA,,NA,NA,NA,NA,NA
81.32905983,12.06316396,81,52,114,73,89.75,1,GBCA,l cortex,26599,3.22,NA,,NA,NA,NA,NA,NA
144.6386861,14.90446829,146.5,105,178,136,155,2,GBCA,l cortex,26599,3.22,NA,,NA,NA,NA,NA,NA
130.3888889,18.97947735,134,68,167,119.5,142,3,GBCA,l cortex,26599,3.22,NA,,NA,NA,NA,NA,NA
88.65384615,21.90099728,94,-42,121,80.25,102,4,GBCA,l cortex,26599,3.22,NA,,NA,NA,NA,NA,NA
80.71794872,14.47328583,82,34,116,73,90,5,GBCA,l cortex,26599,3.22,NA,,NA,NA,NA,NA,NA
107.7969925,14.21994755,107,71,138,98,118,1,GBCA,l cortex,26285,2.7,NA,,NA,NA,NA,NA,NA
131.1879699,14.91235062,133,95,183,123,139,2,GBCA,l cortex,26285,2.7,NA,,NA,NA,NA,NA,NA
126.8345865,14.31029938,125,97,170,117,137,3,GBCA,l cortex,26285,2.7,NA,,NA,NA,NA,NA,NA
98.21804511,13.29556337,98,47,133,91,106,4,GBCA,l cortex,26285,2.7,NA,,NA,NA,NA,NA,NA
87.84962406,14.61150862,87,51,144,79,96,5,GBCA,l cortex,26285,2.7,NA,,NA,NA,NA,NA,NA
78.35096154,13.54894614,79,39,118,69,88,1,GBCA,l cortex,26684,3.52,NA,,NA,NA,NA,NA,NA
118.308642,16.29008353,120,57,166,108,129,2,GBCA,l cortex,26684,3.52,NA,,NA,NA,NA,NA,NA
108.1728395,19.7540013,106,57,176,94,120,3,GBCA,l cortex,26684,3.52,NA,,NA,NA,NA,NA,NA
100.7601411,12.79504556,100,64,139,92,108,4,GBCA,l cortex,26684,3.52,NA,,NA,NA,NA,NA,NA
76.37742504,13.31872421,78,18,119,68,85,5,GBCA,l cortex,26684,3.52,NA,,NA,NA,NA,NA,NA
53.94444444,11.71669169,55,6,82,47,63,1,GBCA,l cortex,26375,3.23,NA,,NA,NA,NA,NA,NA
91.51234568,13.91874021,91,56,130,82.75,100,2,GBCA,l cortex,26375,3.23,NA,,NA,NA,NA,NA,NA
90.41358025,11.48839729,91,60,129,83,97.25,3,GBCA,l cortex,26375,3.23,NA,,NA,NA,NA,NA,NA
86.30555556,10.45784454,85,63,126,79,92,4,GBCA,l cortex,26375,3.23,NA,,NA,NA,NA,NA,NA
79.97222222,15.3336101,77,44,132,69,89,5,GBCA,l cortex,26375,3.23,NA,,NA,NA,NA,NA,NA
79.78923767,14.31626974,82,46,113,70,90.5,1,GBCA,r cortex,26201,3.1,NA,,NA,NA,NA,NA,NA
144.8706294,23.31842614,144.5,88,212,130,160,2,GBCA,r cortex,26201,3.1,NA,,NA,NA,NA,NA,NA
110.4895105,11.05382074,112,65,138,104,118,3,GBCA,r cortex,26201,3.1,NA,,NA,NA,NA,NA,NA
108.3566434,18.06937122,109,64,161,99,118,4,GBCA,r cortex,26201,3.1,NA,,NA,NA,NA,NA,NA
85.88111888,17.5447438,84,34,123,73,100,5,GBCA,r cortex,26201,3.1,NA,,NA,NA,NA,NA,NA
171.6304348,17.20415609,174,134,209,157.75,185,1,GBCA,r cortex,26608,2.9,NA,,NA,NA,NA,NA,NA
107.5978261,14.29431309,108,62,149,98,117.25,2,GBCA,r cortex,26608,2.9,NA,,NA,NA,NA,NA,NA
100.6195652,18.07974028,102,52,139,88,116,3,GBCA,r cortex,26608,2.9,NA,,NA,NA,NA,NA,NA
85.57608696,11.03032746,87,53,107,80,93,4,GBCA,r cortex,26608,2.9,NA,,NA,NA,NA,NA,NA
NA,NA,NA,NA,NA,NA,NA,5,GBCA,r cortex,26608,2.9,NA,,NA,NA,NA,NA,NA
98.63636364,17.45593078,99,7,137,90,111,1,GBCA,r cortex,26599,3.22,NA,,NA,NA,NA,NA,NA
148.4565217,16.00367692,145.5,120,189,136,160.75,2,GBCA,r cortex,26599,3.22,NA,,NA,NA,NA,NA,NA
140.3367003,15.07873053,140,91,177,129,152,3,GBCA,r cortex,26599,3.22,NA,,NA,NA,NA,NA,NA
103.1649832,10.22489795,104,56,124,97,110,4,GBCA,r cortex,26599,3.22,NA,,NA,NA,NA,NA,NA
85.41077441,12.92634997,87,37,118,79,94,5,GBCA,r cortex,26599,3.22,NA,,NA,NA,NA,NA,NA
82.66083916,12.0352195,81,51,121,75,91,1,GBCA,r cortex,26285,2.7,NA,,NA,NA,NA,NA,NA
119.8041958,11.57055507,120,88,153,112,127,2,GBCA,r cortex,26285,2.7,NA,,NA,NA,NA,NA,NA
114.9825175,10.77145161,114,87,146,108,122,3,GBCA,r cortex,26285,2.7,NA,,NA,NA,NA,NA,NA
97.74475524,10.01962535,97,70,133,91,104,4,GBCA,r cortex,26285,2.7,NA,,NA,NA,NA,NA,NA
76.10839161,11.44913345,76.5,35,104,68,84,5,GBCA,r cortex,26285,2.7,NA,,NA,NA,NA,NA,NA
92.84037559,15.80642479,93,56,124,81,105,1,GBCA,r cortex,26684,3.52,NA,,NA,NA,NA,NA,NA
117.3657817,23.44897448,117,62,171,98,135,2,GBCA,r cortex,26684,3.52,NA,,NA,NA,NA,NA,NA
106.5250737,19.32431919,106,50,157,92,120.5,3,GBCA,r cortex,26684,3.52,NA,,NA,NA,NA,NA,NA
94.79646018,12.47025437,95,65,132,85,103.5,4,GBCA,r cortex,26684,3.52,NA,,NA,NA,NA,NA,NA
79.7699115,14.63983061,81,42,114,70,90,5,GBCA,r cortex,26684,3.52,NA,,NA,NA,NA,NA,NA
69.35836177,18.61569047,68,31,225,61,75,1,GBCA,r cortex,26375,3.23,NA,,NA,NA,NA,NA,NA
96.18430034,16.71626783,93,53,143,85,105,2,GBCA,r cortex,26375,3.23,NA,,NA,NA,NA,NA,NA
84.56313993,13.02374858,84,45,125,77,92,3,GBCA,r cortex,26375,3.23,NA,,NA,NA,NA,NA,NA
89.21501706,11.66679807,91,45,124,83,96,4,GBCA,r cortex,26375,3.23,NA,,NA,NA,NA,NA,NA
85.23208191,15.26514449,87,44,117,76,96,5,GBCA,r cortex,26375,3.23,NA,,NA,NA,NA,NA,NA
62.48809524,9.270400987,62,43,85,56,69,1,AGUIX,l medulla,26201,3.1,0.005714286,0.026470366,0,0,0.2,0,0
75.97142857,10.95310971,76,54,114,69,80.75,2,AGUIX,l medulla,26201,3.1,0.096,0.079541544,0.06,0.02,0.36,0.04,0.1
143.2428571,13.9984037,144,113,174,134.25,152.75,3,AGUIX,l medulla,26201,3.1,1.062285714,0.220895395,1,0.7,1.68,0.885,1.195
158.9428571,30.4691346,159.5,106,229,134.5,180.5,4,AGUIX,l medulla,26201,3.1,1.466,0.449041519,1.36,0.72,2.68,1.2,1.635
109.3571429,13.67274214,108,81,148,100,119.25,5,AGUIX,l medulla,26201,3.1,0.486571429,0.187486272,0.4,0.18,0.98,0.345,0.595
119.0263158,64.9673954,89.5,66,330,79,128,1,AGUIX,l medulla,26608,2.9,0.300526316,0.585032376,0,0,2.24,0,0.225
129.3583333,12.18591799,130,97,161,122.75,138,2,AGUIX,l medulla,26608,2.9,0.598,0.131057239,0.6,0.38,0.84,0.48,0.72
144.5083333,24.13848788,141,95,206,128.5,161,3,AGUIX,l medulla,26608,2.9,1.2665,0.366316462,1.22,0.7,2.24,0.98,1.5
178.0333333,51.98139624,176,107,323,130.75,206.25,4,AGUIX,l medulla,26608,2.9,1.370666667,0.738498176,1.32,0.4,3.32,0.7,1.7
111.2916667,11.08782804,111,83,141,103,118,5,AGUIX,l medulla,26608,2.9,0.391166667,0.101711875,0.38,0.22,0.6,0.3,0.48
69.79816514,11.76355733,70,47,97,61,78,1,AGUIX,l medulla,26599,3.22,0.023486239,0.063468206,0,0,0.32,0,0
181.3018868,18.28005571,181,110,218,169,194,2,AGUIX,l medulla,26599,3.22,1.816352201,0.262660365,1.86,0.9,2.3,1.64,2.02
183.9308176,13.30726358,183,142,215,177,194,3,AGUIX,l medulla,26599,3.22,2.129685535,0.261065599,2.14,1.2,2.58,1.96,2.34
223.8176101,22.57338984,229,140,261,209,240,4,AGUIX,l medulla,26599,3.22,2.770566038,0.450709078,2.96,1.3,3.22,2.69,3.06
179.8930818,26.79941593,188,99,221,168.5,200,5,AGUIX,l medulla,26599,3.22,1.916603774,0.291344379,2.02,1.22,2.28,1.74,2.14
64.02362205,9.556680944,64,40,88,57,71,1,AGUIX,l medulla,26285,2.7,0.021889764,0.052672398,0,0,0.24,0,0
101.2619048,13.21265541,101,69,141,91.25,112,2,AGUIX,l medulla,26285,2.7,0.42047619,0.291362037,0.28,0.14,1.2,0.2,0.58
129.6904762,14.34631986,128,103,166,118,141.75,3,AGUIX,l medulla,26285,2.7,0.876984127,0.213349218,0.78,0.64,1.46,0.7,1.015
199.6984127,28.236043,202,124,254,179.5,220.25,4,AGUIX,l medulla,26285,2.7,2.354761905,0.516902733,2.39,0.86,3.7,2.085,2.7
228.2063492,26.69680364,235,148,278,216,245,5,AGUIX,l medulla,26285,2.7,2.88015873,0.488635912,2.94,1.56,4.18,2.585,3.18
NA,NA,NA,NA,NA,NA,NA,1,AGUIX,l medulla,26684,3.52,NA,NA,NA,NA,NA,NA,NA
110.1666667,16.14302395,111.5,77,152,98,122,2,AGUIX,l medulla,26684,3.52,0.846388889,0.317242045,0.77,0.44,1.78,0.6,1.045
184.0972222,14.0041261,185.5,151,214,174,195.25,3,AGUIX,l medulla,26684,3.52,2.466111111,0.226375766,2.46,1.78,2.8,2.375,2.62
127.2569444,12.12535597,126.5,101,161,118,134.25,4,AGUIX,l medulla,26684,3.52,1.140972222,0.103073056,1.14,0.92,1.42,1.075,1.2
131.8194444,20.04947103,129,94,188,116.75,145,5,AGUIX,l medulla,26684,3.52,1.019305556,0.295394399,0.94,0.64,1.94,0.8,1.2
63.4875,8.080831872,63,43,85,58,68,1,AGUIX,l medulla,26375,3.23,0.00225,0.009996875,0,0,0.06,0,0
124.6129032,9.442106857,124,98,149,119.5,130,2,AGUIX,l medulla,26375,3.23,0.770580645,0.23152019,0.72,0.38,1.24,0.58,0.96
163.683871,11.49852997,162,141,197,156,171,3,AGUIX,l medulla,26375,3.23,1.263741935,0.200087556,1.3,0.78,1.68,1.14,1.4
201.883871,12.35180793,202,177,231,192,210,4,AGUIX,l medulla,26375,3.23,2.244645161,0.079961906,2.22,2.12,2.44,2.18,2.29
140.3483871,13.35886491,138,111,185,131,148,5,AGUIX,l medulla,26375,3.23,1.143870968,0.126798734,1.14,0.74,1.48,1.1,1.21
81.97368421,11.25771511,82,48,108,74,90,1,AGUIX,r medulla,26201,3.1,0.0825,0.103117524,0.02,0,0.32,0,0.145
83.5,5.6199051,84.5,76,91,78.25,87.75,2,AGUIX,r medulla,26201,3.1,0.066666667,0.059628479,0.06,0,0.16,0.01,0.11
195.5,12.98396447,195,174,218,191.75,199,3,AGUIX,r medulla,26201,3.1,2.13,0.059721576,2.16,2.02,2.18,2.1,2.175
248.8333333,20.93972832,248.5,214,279,238.5,263,4,AGUIX,r medulla,26201,3.1,3.26,0.324345495,3.22,2.8,3.66,3.025,3.58
179.8333333,13.35934962,179,161,197,169.5,192.25,5,AGUIX,r medulla,26201,3.1,1.853333333,0.367090664,1.8,1.4,2.4,1.54,2.15
89.13888889,15.88212269,87,56,142,79,96,1,AGUIX,r medulla,26608,2.9,0.277111111,0.270506703,0.2,0,0.88,0,0.56
148.9859155,12.7935866,148,116,187,141.5,155.5,2,AGUIX,r medulla,26608,2.9,1.051267606,0.158646827,1.04,0.84,1.54,0.92,1.15
174.4084507,9.521772626,175,155,195,169,181,3,AGUIX,r medulla,26608,2.9,1.863661972,0.094544712,1.86,1.58,2.08,1.82,1.91
172.0422535,13.29983228,171,143,197,162.5,182.5,4,AGUIX,r medulla,26608,2.9,1.63943662,0.188723565,1.6,1.2,2.06,1.5,1.79
112.4366197,10.26649466,113,90,132,105,119.5,5,AGUIX,r medulla,26608,2.9,0.630704225,0.073375821,0.64,0.42,0.78,0.6,0.66
70.34545455,11.55574345,71,44,92,62.5,79.5,1,AGUIX,r medulla,26599,3.22,0.036727273,0.065144721,0,0,0.36,0,0.04
195.3883495,21.16198873,190,155,242,177,212,2,AGUIX,r medulla,26599,3.22,2.420776699,0.308455877,2.4,1.86,2.9,2.17,2.68
183,12.65218044,182,147,215,174,191,3,AGUIX,r medulla,26599,3.22,1.996116505,0.105169609,2.04,1.78,2.14,1.89,2.08
228.368932,13.26356444,230,162,261,222,236.5,4,AGUIX,r medulla,26599,3.22,2.768737864,0.176231752,2.8,1.76,3,2.66,2.9
196.1553398,27.6846869,196,129,245,178.5,220.5,5,AGUIX,r medulla,26599,3.22,2.410873786,0.206040371,2.44,1.9,2.76,2.29,2.56
68.89302326,18.44294023,65,21,180,60,75,1,AGUIX,r medulla,26285,2.7,0.121116279,0.16387931,0.06,0,0.66,0,0.14
103.3960396,26.64511146,97,64,164,82,126,2,AGUIX,r medulla,26285,2.7,0.487326733,0.340898321,0.48,0,1.3,0.16,0.72
147.1287129,14.58988078,146,118,185,136,157,3,AGUIX,r medulla,26285,2.7,1.183762376,0.184051497,1.14,0.84,1.64,1.08,1.26
207.9207921,16.92012872,213,164,234,195,222,4,AGUIX,r medulla,26285,2.7,2.334257426,0.16013204,2.3,2.04,2.82,2.24,2.38
237.9009901,35.40445375,245,135,294,216,269,5,AGUIX,r medulla,26285,2.7,2.772475248,0.454633801,2.78,1.58,3.58,2.46,3.14
NA,NA,NA,NA,NA,NA,NA,1,AGUIX,r medulla,26684,3.52,NA,NA,NA,NA,NA,NA,NA
138.3559322,11.24724104,137,109,172,130.25,146,2,AGUIX,r medulla,26684,3.52,0.965423729,0.176302149,0.92,0.68,1.48,0.845,1.06
191.3474576,10.39750387,193,158,213,183.25,198.75,3,AGUIX,r medulla,26684,3.52,1.897288136,0.182986806,1.9,1.4,2.24,1.785,2.04
153.8983051,7.778054559,155,131,171,149,159.75,4,AGUIX,r medulla,26684,3.52,1.103898305,0.112934914,1.12,0.64,1.28,1.06,1.18
136.7966102,13.73450395,138,96,163,128.5,146.75,5,AGUIX,r medulla,26684,3.52,1.09559322,0.194677231,1.12,0.48,1.42,0.98,1.235
85.09251101,22.24681903,85,42,149,67.5,98,1,AGUIX,r medulla,26375,3.23,0.448634361,0.35438522,0.42,0,1.16,0.11,0.76
127.7729258,16.77180418,127,86,169,116,140,2,AGUIX,r medulla,26375,3.23,0.913624454,0.118562933,0.9,0.68,1.3,0.82,1
140.2751092,23.23035096,145,81,175,122,161,3,AGUIX,r medulla,26375,3.23,1.332663755,0.330343708,1.36,0.6,1.82,1.14,1.64
196.7947598,15.1929876,198,158,231,186,208,4,AGUIX,r medulla,26375,3.23,2.268384279,0.282075141,2.36,1.42,2.66,2.14,2.46
154.9344978,15.03329892,154,114,196,144,166,5,AGUIX,r medulla,26375,3.23,1.36768559,0.139557525,1.38,0.74,1.6,1.3,1.46
59.55172414,9.785937155,59,42,80,52,68,1,GBCA,l medulla,26201,3.1,NA,,NA,NA,NA,NA,NA
73.01098901,18.30500312,67,45,152,61,82,2,GBCA,l medulla,26201,3.1,NA,,NA,NA,NA,NA,NA
142.5641026,22.75390947,146,68,216,134,157,3,GBCA,l medulla,26201,3.1,NA,,NA,NA,NA,NA,NA
117.1941392,23.46540674,114,51,197,102,128,4,GBCA,l medulla,26201,3.1,NA,,NA,NA,NA,NA,NA
104.4908425,25.45456536,102,25,164,86,124,5,GBCA,l medulla,26201,3.1,NA,,NA,NA,NA,NA,NA
89.9673913,14.96949876,89.5,52,158,81.75,98,1,GBCA,l medulla,26608,2.9,NA,,NA,NA,NA,NA,NA
125.5652174,14.50435043,126,77,162,117,135,2,GBCA,l medulla,26608,2.9,NA,,NA,NA,NA,NA,NA
139.2445652,22.30056474,138,91,199,123,156.25,3,GBCA,l medulla,26608,2.9,NA,,NA,NA,NA,NA,NA
103.5,16.12283015,100,76,163,91.75,113.25,4,GBCA,l medulla,26608,2.9,NA,,NA,NA,NA,NA,NA
NA,NA,NA,NA,NA,NA,NA,5,GBCA,l medulla,26608,2.9,NA,,NA,NA,NA,NA,NA
57.97126437,10.90524927,59,30,85,52,65,1,GBCA,l medulla,26599,3.22,NA,,NA,NA,NA,NA,NA
152.8258065,12.08792967,152,119,179,145,161,2,GBCA,l medulla,26599,3.22,NA,,NA,NA,NA,NA,NA
185.8448276,11.85370846,187,154,232,178.25,194,3,GBCA,l medulla,26599,3.22,NA,,NA,NA,NA,NA,NA
124.8965517,11.01361173,125,95,161,119,131,4,GBCA,l medulla,26599,3.22,NA,,NA,NA,NA,NA,NA
106.1264368,14.32167764,103,81,151,96,114,5,GBCA,l medulla,26599,3.22,NA,,NA,NA,NA,NA,NA
65.95652174,12.685076,68.5,34,98,56.25,74.75,1,GBCA,l medulla,26285,2.7,NA,,NA,NA,NA,NA,NA
142.0434783,19.01367531,139.5,102,187,129.25,154.5,2,GBCA,l medulla,26285,2.7,NA,,NA,NA,NA,NA,NA
148.3478261,14.67505632,150,109,170,142.25,158,3,GBCA,l medulla,26285,2.7,NA,,NA,NA,NA,NA,NA
110.2173913,15.45387674,111.5,79,153,100.25,120.75,4,GBCA,l medulla,26285,2.7,NA,,NA,NA,NA,NA,NA
96.02173913,10.95343728,95,73,129,88.25,103.5,5,GBCA,l medulla,26285,2.7,NA,,NA,NA,NA,NA,NA
57.73846154,11.04713945,56,38,106,50.75,64,1,GBCA,l medulla,26684,3.52,NA,,NA,NA,NA,NA,NA
97.71005917,13.40246222,97,66,130,88,108,2,GBCA,l medulla,26684,3.52,NA,,NA,NA,NA,NA,NA
167.1360947,17.20084452,164,134,222,156,176,3,GBCA,l medulla,26684,3.52,NA,,NA,NA,NA,NA,NA
119.4674556,13.36649326,120,89,152,109,129,4,GBCA,l medulla,26684,3.52,NA,,NA,NA,NA,NA,NA
102.1301775,24.86878418,97,58,168,84,117,5,GBCA,l medulla,26684,3.52,NA,,NA,NA,NA,NA,NA
45.71428571,8.454545698,46,14,69,40,51.5,1,GBCA,l medulla,26375,3.23,NA,,NA,NA,NA,NA,NA
67.2543554,12.21845751,66,38,100,58.5,75.5,2,GBCA,l medulla,26375,3.23,NA,,NA,NA,NA,NA,NA
122.8710801,18.14711752,126,79,166,109,136,3,GBCA,l medulla,26375,3.23,NA,,NA,NA,NA,NA,NA
108.9721254,22.29746451,113,31,150,94.5,123,4,GBCA,l medulla,26375,3.23,NA,,NA,NA,NA,NA,NA
102.0452962,22.30095162,102,51,168,83.5,118,5,GBCA,l medulla,26375,3.23,NA,,NA,NA,NA,NA,NA
72.39541547,33.64118062,65,29,233,54,77,1,GBCA,r medulla,26201,3.1,NA,,NA,NA,NA,NA,NA
90.85042735,11.14392344,91,67,124,82,99.75,2,GBCA,r medulla,26201,3.1,NA,,NA,NA,NA,NA,NA
148.4017094,13.57225666,148,114,183,138,159,3,GBCA,r medulla,26201,3.1,NA,,NA,NA,NA,NA,NA
123.034188,14.61613183,124,90,188,114,130,4,GBCA,r medulla,26201,3.1,NA,,NA,NA,NA,NA,NA
112.965812,14.87924708,114,72,152,104,123,5,GBCA,r medulla,26201,3.1,NA,,NA,NA,NA,NA,NA
72.30147059,15.03932094,72,45,120,60,84,1,GBCA,r medulla,26608,2.9,NA,,NA,NA,NA,NA,NA
136.2205882,11.18868334,135,110,169,129,143,2,GBCA,r medulla,26608,2.9,NA,,NA,NA,NA,NA,NA
157.25,15.84889586,161,94,184,152,167,3,GBCA,r medulla,26608,2.9,NA,,NA,NA,NA,NA,NA
106.1323529,11.10962012,107.5,69,137,101,113,4,GBCA,r medulla,26608,2.9,NA,,NA,NA,NA,NA,NA
NA,NA,NA,NA,NA,NA,NA,5,GBCA,r medulla,26608,2.9,NA,,NA,NA,NA,NA,NA
72.23333333,25.38199274,65.5,49,181,60,72,1,GBCA,r medulla,26599,3.22,NA,,NA,NA,NA,NA,NA
159,12.20881961,159,128,188,149,167,2,GBCA,r medulla,26599,3.22,NA,,NA,NA,NA,NA,NA
172.5333333,16.38237535,176,103,205,168.25,181,3,GBCA,r medulla,26599,3.22,NA,,NA,NA,NA,NA,NA
121.5,10.97092116,123,95,144,114,130.75,4,GBCA,r medulla,26599,3.22,NA,,NA,NA,NA,NA,NA
100.6,13.8225259,99,62,128,91.25,110,5,GBCA,r medulla,26599,3.22,NA,,NA,NA,NA,NA,NA
54.12025316,20.41262875,52.5,24,227,43.25,61.75,1,GBCA,r medulla,26285,2.7,NA,,NA,NA,NA,NA,NA
129.4936709,21.79209787,134,61,171,120,146,2,GBCA,r medulla,26285,2.7,NA,,NA,NA,NA,NA,NA
133.9810127,21.29345045,138,72,171,126,148,3,GBCA,r medulla,26285,2.7,NA,,NA,NA,NA,NA,NA
119.5696203,29.63285191,114,58,249,106,123,4,GBCA,r medulla,26285,2.7,NA,,NA,NA,NA,NA,NA
88.11392405,12.7686199,89,58,115,79,96,5,GBCA,r medulla,26285,2.7,NA,,NA,NA,NA,NA,NA
63.65263158,10.16160827,64,41,83,56,73,1,GBCA,r medulla,26684,3.52,NA,,NA,NA,NA,NA,NA
126.4224806,22.22287996,127,66,176,112,143,2,GBCA,r medulla,26684,3.52,NA,,NA,NA,NA,NA,NA
145.6589147,15.37414326,147,103,190,137,154,3,GBCA,r medulla,26684,3.52,NA,,NA,NA,NA,NA,NA
113.8953488,13.40429389,115,77,147,103.25,124.75,4,GBCA,r medulla,26684,3.52,NA,,NA,NA,NA,NA,NA
83.92635659,14.65462871,84,51,132,72.25,95,5,GBCA,r medulla,26684,3.52,NA,,NA,NA,NA,NA,NA
47.25268817,8.687874276,46,31,70,41,53,1,GBCA,r medulla,26375,3.23,NA,,NA,NA,NA,NA,NA
85.26344086,11.88658126,85,53,109,78,94,2,GBCA,r medulla,26375,3.23,NA,,NA,NA,NA,NA,NA
119.4946237,20.98725863,124,62,152,109.25,135,3,GBCA,r medulla,26375,3.23,NA,,NA,NA,NA,NA,NA
104.1397849,16.83544098,104,49,162,96,114.75,4,GBCA,r medulla,26375,3.23,NA,,NA,NA,NA,NA,NA
95.67204301,20.51762875,92,54,172,85.25,103,5,GBCA,r medulla,26375,3.23,NA,,NA,NA,NA,NA,NA
65.32894737,8.404867258,66,47,86,59.75,71,1,AGUIX,l pelvis,26201,3.1,0,0,0,0,0,0,0
78.34146341,11.36520812,78,46,105,71,86,2,AGUIX,l pelvis,26201,3.1,0.069268293,0.048003569,0.06,0,0.16,0.02,0.12
104.7154472,31.28716205,96,53,196,83,116.5,3,AGUIX,l pelvis,26201,3.1,0.460162602,0.454602451,0.26,0.06,1.82,0.14,0.6
219.7154472,29.50582699,213,166,289,198,240.5,4,AGUIX,l pelvis,26201,3.1,2.582113821,0.307793754,2.52,2.2,3.2,2.28,2.81
184.4308943,25.70124836,187,132,244,161,204.5,5,AGUIX,l pelvis,26201,3.1,1.724715447,0.444808034,1.58,0.94,2.98,1.42,2.12
82.23376623,7.021111215,82,66,104,78,85,1,AGUIX,l pelvis,26608,2.9,0,0,0,0,0,0,0
79.53623188,15.37698234,77,36,114,70,90,2,AGUIX,l pelvis,26608,2.9,0.033913043,0.054936522,0,0,0.22,0,0.04
145.4057971,34.06529061,155,46,202,126,173,3,AGUIX,l pelvis,26608,2.9,1.073913043,0.467150528,1.02,0.26,2,0.72,1.44
297.7391304,70.54275139,310,34,397,276,342,4,AGUIX,l pelvis,26608,2.9,3.31942029,1.025449896,3.36,0.1,4.96,2.98,4.08
163.3478261,13.59009239,164,136,192,152,173,5,AGUIX,l pelvis,26608,2.9,1.337971014,0.201965557,1.36,0.98,1.62,1.16,1.52
76.81034483,17.07938553,76,47,117,63,90,1,AGUIX,l pelvis,26599,3.22,0.05,0.07184754,0,0,0.22,0,0.1
89.10769231,12.85316253,88,64,129,79,95,2,AGUIX,l pelvis,26599,3.22,0.177538462,0.101102093,0.16,0.08,0.72,0.12,0.18
249.3846154,41.04395104,263,152,308,233,279,3,AGUIX,l pelvis,26599,3.22,3.372615385,1.045232807,3.88,0.82,4.22,3.06,4.16
428.8923077,74.90160172,432,337,961,400,447,4,AGUIX,l pelvis,26599,3.22,6.389230769,1.04368623,6.64,4.16,10.24,5.74,7.12
447.8461538,92.55139624,462,-1,558,418,511,5,AGUIX,l pelvis,26599,3.22,6.584615385,1.426137416,6.96,0.06,8.06,6,7.78
66.08139535,9.75897335,66,39,87,62.25,71.75,1,AGUIX,l pelvis,26285,2.7,0.059767442,0.027193396,0.06,0,0.14,0.04,0.08
88.63063063,12.8630541,90,58,117,79,96.5,2,AGUIX,l pelvis,26285,2.7,0.379459459,0.08259134,0.38,0.14,0.56,0.32,0.44
101.8018018,24.11190869,101,46,157,85.5,120,3,AGUIX,l pelvis,26285,2.7,0.652252252,0.21651076,0.64,0.28,1.32,0.48,0.74
233.7927928,58.82239524,249,78,333,191.5,279.5,4,AGUIX,l pelvis,26285,2.7,2.975495495,1.376784829,2.76,0.34,5.32,1.7,4.32
659.2522523,136.751334,660,103,908,593,743,5,AGUIX,l pelvis,26285,2.7,10.39315315,2.15643432,10.5,0.4,13.4,10.12,11.18
NA,NA,NA,NA,NA,NA,NA,1,AGUIX,l pelvis,26684,3.52,NA,NA,NA,NA,NA,NA,NA
82,9.00566715,84,63,101,73,88,2,AGUIX,l pelvis,26684,3.52,0.073469388,0.06251697,0.06,0,0.28,0.02,0.12
190.3877551,14.12020744,189,158,219,178,200,3,AGUIX,l pelvis,26684,3.52,2.033469388,0.502928368,2.02,1.28,2.72,1.54,2.52
162.0204082,13.55787262,164,108,184,154,171,4,AGUIX,l pelvis,26684,3.52,1.780408163,0.206050907,1.84,1.22,2,1.66,1.96
225.6122449,34.83536575,221,188,385,213,230,5,AGUIX,l pelvis,26684,3.52,2.739183673,0.710170536,2.6,2.38,6.18,2.54,2.64
85.48214286,15.66956909,85.5,56,122,74.75,99,1,AGUIX,l pelvis,26375,3.23,0,0,0,0,0,0,0
112.1092437,11.30537904,112,82,137,106,120,2,AGUIX,l pelvis,26375,3.23,0.246890756,0.189939167,0.18,0,0.7,0.1,0.38
218.1512605,15.80960173,221,169,256,207,229,3,AGUIX,l pelvis,26375,3.23,2.252773109,0.288813639,2.38,1.42,2.64,2.05,2.44
341.0168067,57.10994603,352,227,465,301,378,4,AGUIX,l pelvis,26375,3.23,4.441680672,1.09164152,4.46,2.68,6.38,3.41,5.28
493.4033613,168.1220205,455,239,800,343,648,5,AGUIX,l pelvis,26375,3.23,6.508403361,2.281848721,6.22,3.16,10.22,4.5,8.81
56.8046875,9.523866889,58,33,82,49,64,1,AGUIX,r pelvis,26201,3.1,0,0,0,0,0,0,0
67,10.09267402,67,44,88,59.25,74.75,2,AGUIX,r pelvis,26201,3.1,0.118275862,0.031793403,0.12,0.04,0.16,0.1,0.14
75.87931034,11.99148777,74,47,111,68,83,3,AGUIX,r pelvis,26201,3.1,0.365172414,0.048786706,0.36,0.28,0.54,0.325,0.395
217.5862069,18.78465486,215.5,182,263,207.25,226.75,4,AGUIX,r pelvis,26201,3.1,2.725517241,0.315415284,2.7,2.3,3.4,2.43,3.035
183.5689655,17.94062244,179.5,150,259,170.25,191.25,5,AGUIX,r pelvis,26201,3.1,2.303793103,0.107732549,2.29,2.06,2.54,2.26,2.395
73.57425743,11.20497285,74,45,104,64,81,1,AGUIX,r pelvis,26608,2.9,0.005742574,0.020745823,0,0,0.12,0,0
95.00840336,23.59621669,85,62,155,75,117.5,2,AGUIX,r pelvis,26608,2.9,0.249747899,0.286102356,0.08,0,1.14,0.04,0.47
175.1932773,29.80053502,185,82,220,158,197,3,AGUIX,r pelvis,26608,2.9,2.036638655,0.598077139,2.28,0.64,2.7,1.56,2.54
343.8739496,32.68863926,350,265,405,317,369,4,AGUIX,r pelvis,26608,2.9,4.654621849,0.566817431,4.8,3.48,5.48,4.16,5.17
172.6554622,19.91428564,176,121,212,157,187.5,5,AGUIX,r pelvis,26608,2.9,1.704705882,0.328824807,1.78,0.84,2.14,1.47,2
82.94736842,18.97590444,78,54,119,67,102,1,AGUIX,r pelvis,26599,3.22,0.018245614,0.039520051,0,0,0.18,0,0
126.525641,44.59783954,121.5,65,194,84.25,176,2,AGUIX,r pelvis,26599,3.22,1.052051282,0.803685994,0.72,0.28,2.36,0.3,1.97
249.1282051,20.59521912,250,182,291,243,260.75,3,AGUIX,r pelvis,26599,3.22,3.435641026,0.348574348,3.55,2.04,3.86,3.34,3.66
410.8333333,79.90610141,405,280,543,337,482.5,4,AGUIX,r pelvis,26599,3.22,6.174871795,1.31782819,6.36,4.04,7.96,4.86,7.395
427.3461538,107.3700559,397,261,606,332.5,531.5,5,AGUIX,r pelvis,26599,3.22,6.175128205,1.882080643,5.67,3.28,9.42,4.47,7.815
71.96363636,7.695249152,72,48,94,67,77,1,AGUIX,r pelvis,26285,2.7,0,0,0,0,0,0,0
67.3960396,8.977506774,67,41,90,62,72,2,AGUIX,r pelvis,26285,2.7,0.002970297,0.011392594,0,0,0.08,0,0
91.37623762,17.9321336,92,50,136,79,101,3,AGUIX,r pelvis,26285,2.7,0.282178218,0.155248788,0.26,0.08,0.86,0.18,0.34
230.5049505,42.52352261,214,125,309,194,268,4,AGUIX,r pelvis,26285,2.7,2.730891089,0.885498236,2.66,0.88,4.32,1.96,3.5
690.1089109,91.57368953,682,398,931,635,733,5,AGUIX,r pelvis,26285,2.7,10.42673267,1.422802359,10.84,4.82,12.5,9.64,11.24
NA,NA,NA,NA,NA,NA,NA,1,AGUIX,r pelvis,26684,3.52,NA,NA,NA,NA,NA,NA,NA
96.81132075,9.207373181,95.5,81,127,90,101,2,AGUIX,r pelvis,26684,3.52,0.316037736,0.185887363,0.24,0.08,0.66,0.16,0.515
196.3962264,18.76150175,201.5,143,226,189.25,208,3,AGUIX,r pelvis,26684,3.52,2.139433962,0.382449479,2.2,1.3,2.68,1.925,2.44
175.4245283,21.66988525,178,132,341,163.25,184,4,AGUIX,r pelvis,26684,3.52,1.596603774,0.278885541,1.62,1.04,3.78,1.485,1.72
213.2735849,81.58078911,203.5,147,825,182.75,216.75,5,AGUIX,r pelvis,26684,3.52,2.732264151,1.118585936,2.6,1.86,11,2.425,2.7
67.60674157,16.43620146,64,40,112,56,77,1,AGUIX,r pelvis,26375,3.23,0.027303371,0.042007598,0,0,0.22,0,0.04
100.6768293,25.11071484,96,54,159,80.75,123.25,2,AGUIX,r pelvis,26375,3.23,0.462195122,0.369488851,0.33,0.04,1.16,0.1,0.84
233.5121951,18.18015797,235,174,278,225,245,3,AGUIX,r pelvis,26375,3.23,2.554268293,0.458921138,2.62,1.26,3.22,2.3,2.925
351.0243902,67.11047965,346.5,230,504,304.75,388.5,4,AGUIX,r pelvis,26375,3.23,5.067317073,1.203938708,5,3.14,7.86,4.295,5.55
498.4878049,182.2372311,470,239,849,333.5,655,5,AGUIX,r pelvis,26375,3.23,6.966463415,2.834708172,6.41,2.94,12.02,4.34,9.605
51.18461538,8.434165515,50,32,68,45,57,1,GBCA,l pelvis,26201,3.1,NA,,NA,NA,NA,NA,NA
69.81521739,12.18331838,69.5,45,98,62,79,2,GBCA,l pelvis,26201,3.1,NA,,NA,NA,NA,NA,NA
80.81521739,19.01825745,75,51,140,67,93,3,GBCA,l pelvis,26201,3.1,NA,,NA,NA,NA,NA,NA
186.6630435,17.17194196,187.5,98,221,179,195.25,4,GBCA,l pelvis,26201,3.1,NA,,NA,NA,NA,NA,NA
173.7173913,12.31676666,174.5,101,197,170,179,5,GBCA,l pelvis,26201,3.1,NA,,NA,NA,NA,NA,NA
60.83653846,14.1428907,59.5,30,103,51,66,1,GBCA,l pelvis,26608,2.9,NA,,NA,NA,NA,NA,NA
87.78846154,13.25683646,85.5,62,125,78.75,97.25,2,GBCA,l pelvis,26608,2.9,NA,,NA,NA,NA,NA,NA
155.1923077,30.12827605,154,79,222,139,175,3,GBCA,l pelvis,26608,2.9,NA,,NA,NA,NA,NA,NA
197.8269231,40.08223333,197,148,523,173.75,212,4,GBCA,l pelvis,26608,2.9,NA,,NA,NA,NA,NA,NA
NA,NA,NA,NA,NA,NA,NA,5,GBCA,l pelvis,26608,2.9,NA,,NA,NA,NA,NA,NA
48.69,11.99474468,47.5,20,82,40.75,57.25,1,GBCA,l pelvis,26599,3.22,NA,,NA,NA,NA,NA,NA
112.6703297,48.97006373,99,46,210,66,159,2,GBCA,l pelvis,26599,3.22,NA,,NA,NA,NA,NA,NA
259.28,47.21209167,274.5,149,337,219.25,295.25,3,GBCA,l pelvis,26599,3.22,NA,,NA,NA,NA,NA,NA
170.58,31.76953887,179,-2,200,166.75,187.25,4,GBCA,l pelvis,26599,3.22,NA,,NA,NA,NA,NA,NA
176.39,17.77632977,176.5,110,213,165,191,5,GBCA,l pelvis,26599,3.22,NA,,NA,NA,NA,NA,NA
65.13207547,8.469785892,66,37,77,62,71,1,GBCA,l pelvis,26285,2.7,NA,,NA,NA,NA,NA,NA
140.5471698,23.86484431,135,109,212,121,157,2,GBCA,l pelvis,26285,2.7,NA,,NA,NA,NA,NA,NA
256.7358491,14.91504362,252,227,296,245,268,3,GBCA,l pelvis,26285,2.7,NA,,NA,NA,NA,NA,NA
151.0754717,19.46922977,152,110,193,139,163,4,GBCA,l pelvis,26285,2.7,NA,,NA,NA,NA,NA,NA
147.0566038,14.09457957,149,121,178,136,158,5,GBCA,l pelvis,26285,2.7,NA,,NA,NA,NA,NA,NA
55.36363636,9.245205741,56,28,74,48,61.75,1,GBCA,l pelvis,26684,3.52,NA,,NA,NA,NA,NA,NA
81.46938776,11.25692901,84,47,104,76,89,2,GBCA,l pelvis,26684,3.52,NA,,NA,NA,NA,NA,NA
115.8469388,58.62912699,97.5,6,211,70,174.5,3,GBCA,l pelvis,26684,3.52,NA,,NA,NA,NA,NA,NA
177.5204082,33.0417885,182,55,228,162.25,201.75,4,GBCA,l pelvis,26684,3.52,NA,,NA,NA,NA,NA,NA
199.5612245,74.1633699,186,136,628,165.5,199,5,GBCA,l pelvis,26684,3.52,NA,,NA,NA,NA,NA,NA
38.8089172,9.690847845,40,13,60,32,46,1,GBCA,l pelvis,26375,3.23,NA,,NA,NA,NA,NA,NA
78.63694268,12.972854,80,24,102,71,89,2,GBCA,l pelvis,26375,3.23,NA,,NA,NA,NA,NA,NA
115.3566879,29.55918445,116,62,179,88,138,3,GBCA,l pelvis,26375,3.23,NA,,NA,NA,NA,NA,NA
181.1528662,57.51235432,165,109,542,159,176,4,GBCA,l pelvis,26375,3.23,NA,,NA,NA,NA,NA,NA
165.7643312,26.6652139,171,88,214,154,183,5,GBCA,l pelvis,26375,3.23,NA,,NA,NA,NA,NA,NA
67.78571429,8.496397796,68.5,46,87,62,74,1,GBCA,r pelvis,26201,3.1,NA,,NA,NA,NA,NA,NA
72.65789474,16.29596277,74,38,111,61.25,84,2,GBCA,r pelvis,26201,3.1,NA,,NA,NA,NA,NA,NA
104.245614,26.86077209,102,63,178,81.25,118.75,3,GBCA,r pelvis,26201,3.1,NA,,NA,NA,NA,NA,NA
198.4473684,28.73810726,193.5,152,279,178,221,4,GBCA,r pelvis,26201,3.1,NA,,NA,NA,NA,NA,NA
176.5877193,12.40034762,179,149,202,167,186,5,GBCA,r pelvis,26201,3.1,NA,,NA,NA,NA,NA,NA
65.34782609,8.426710615,65,45,83,60.5,72.5,1,GBCA,r pelvis,26608,2.9,NA,,NA,NA,NA,NA,NA
104.9130435,14.64927077,106,79,136,96,112.5,2,GBCA,r pelvis,26608,2.9,NA,,NA,NA,NA,NA,NA
244.5217391,8.687169776,246,230,261,237.5,251.5,3,GBCA,r pelvis,26608,2.9,NA,,NA,NA,NA,NA,NA
193.7826087,11.89064858,196,168,211,186.5,202.5,4,GBCA,r pelvis,26608,2.9,NA,,NA,NA,NA,NA,NA
NA,NA,NA,NA,NA,NA,NA,5,GBCA,r pelvis,26608,2.9,NA,,NA,NA,NA,NA,NA
61.78703704,20.64517293,66,-28,112,56,73.25,1,GBCA,r pelvis,26599,3.22,NA,,NA,NA,NA,NA,NA
131.6565657,61.51999948,107,47,236,74.5,196,2,GBCA,r pelvis,26599,3.22,NA,,NA,NA,NA,NA,NA
278.1111111,57.36713043,294.5,133,355,240.25,321.25,3,GBCA,r pelvis,26599,3.22,NA,,NA,NA,NA,NA,NA
163.2314815,53.01460429,176,-17,343,140,194,4,GBCA,r pelvis,26599,3.22,NA,,NA,NA,NA,NA,NA
182.6388889,46.17006773,190,0,331,176,202,5,GBCA,r pelvis,26599,3.22,NA,,NA,NA,NA,NA,NA
59.04878049,11.98023688,59,30,88,50,70,1,GBCA,r pelvis,26285,2.7,NA,,NA,NA,NA,NA,NA
114.699187,40.39619538,113,53,212,78,140.5,2,GBCA,r pelvis,26285,2.7,NA,,NA,NA,NA,NA,NA
215.7479675,29.12730496,217,143,314,198,231.5,3,GBCA,r pelvis,26285,2.7,NA,,NA,NA,NA,NA,NA
179.0081301,24.18408263,182,119,232,161,198.5,4,GBCA,r pelvis,26285,2.7,NA,,NA,NA,NA,NA,NA
161.8861789,18.75178181,160,118,204,146,176.5,5,GBCA,r pelvis,26285,2.7,NA,,NA,NA,NA,NA,NA
61.64102564,8.771029955,62,38,85,56,68,1,GBCA,r pelvis,26684,3.52,NA,,NA,NA,NA,NA,NA
84.22222222,17.28400828,81,47,153,72,91,2,GBCA,r pelvis,26684,3.52,NA,,NA,NA,NA,NA,NA
176.9487179,21.45870459,177,120,220,162,193,3,GBCA,r pelvis,26684,3.52,NA,,NA,NA,NA,NA,NA
160.8888889,28.91212084,162,101,221,139,184,4,GBCA,r pelvis,26684,3.52,NA,,NA,NA,NA,NA,NA
149.2649573,30.30370296,149,93,207,124,177,5,GBCA,r pelvis,26684,3.52,NA,,NA,NA,NA,NA,NA
48.68275862,9.491704871,48,27,70,42,54,1,GBCA,r pelvis,26375,3.23,NA,,NA,NA,NA,NA,NA
64.22068966,8.214762964,64,37,86,59,69,2,GBCA,r pelvis,26375,3.23,NA,,NA,NA,NA,NA,NA
98.96551724,26.08643822,98,58,152,75,121,3,GBCA,r pelvis,26375,3.23,NA,,NA,NA,NA,NA,NA
180.4344828,17.9281377,180,125,237,170,191,4,GBCA,r pelvis,26375,3.23,NA,,NA,NA,NA,NA,NA
202.1793103,22.14175926,207,126,255,187,218,5,GBCA,r pelvis,26375,3.23,NA,,NA,NA,NA,NA,NA
70.76491228,10.83526118,70.16666667,54,93.33333333,61.33333333,78.58333333,1,AGUIX,liver,10674,3.54,0.008,0.012765161,0.006666667,0,0.046666667,0,0.006666667
102.4690476,10.24953864,103.6666667,81,123.6666667,97,108.25,2,AGUIX,liver,10674,3.54,0.452634921,0.033943086,0.45,0.406666667,0.52,0.425,0.48
101.1611111,9.525234191,102.1666667,82.66666667,118,95.33333333,107.75,3,AGUIX,liver,10674,3.54,0.457253968,0.037876534,0.453333333,0.393333333,0.52,0.426666667,0.483333333
88.99126984,8.969658926,89.66666667,72.33333333,108,82.58333333,94.16666667,4,AGUIX,liver,10674,3.54,0.23331746,0.014041928,0.233333333,0.206666667,0.253333333,0.226666667,0.246666667
80.74126984,10.96480388,82,59.66666667,105.6666667,71.83333333,87.33333333,5,AGUIX,liver,10674,3.54,0.077666667,0.007965202,0.08,0.06,0.093333333,0.073333333,0.08
79.64227235,8.740837773,79.83333333,64.33333333,95.33333333,73.75,86,1,AGUIX,liver,10308,3.19,0.023050961,0.022863357,0.013333333,0,0.06,0,0.04
108.7059315,8.821179182,110.3333333,87.66666667,123.3333333,104,113.1666667,2,AGUIX,liver,10308,3.19,0.569674185,0.027043943,0.566666667,0.526666667,0.62,0.546666667,0.586666667
105.8905597,8.451128112,107.3333333,90,121,99.16666667,111.6666667,3,AGUIX,liver,10308,3.19,0.455806182,0.033506614,0.446666667,0.406666667,0.52,0.44,0.48
99.12865497,7.975514554,99.66666667,84.33333333,113.6666667,93.33333333,104.3333333,4,AGUIX,liver,10308,3.19,0.279331662,0.027338104,0.286666667,0.22,0.313333333,0.26,0.303333333
NA,NA,NA,NA,NA,NA,NA,5,AGUIX,liver,10308,3.19,NA,NA,NA,NA,NA,NA,NA
71.05877193,8.438546388,70.83333333,56.33333333,89.33333333,65.08333333,75.75,1,AGUIX,liver,26328,2,0,0,0,0,0,0,0
83.73489279,8.414927785,84.66666667,68.33333333,99.33333333,77.41666667,88.66666667,2,AGUIX,liver,26328,2,NA,NA,NA,NA,NA,NA,NA
85.63060429,8.19355385,85.16666667,71.66666667,104.6666667,80,89.66666667,3,AGUIX,liver,26328,2,0.081111111,0.041685885,0.08,0.026666667,0.153333333,0.04,0.118333333
74.16081871,7.623030901,74,60.66666667,91,69.25,78.33333333,4,AGUIX,liver,26328,2,0,0,0,0,0,0,0
72.99512671,8.373011521,72,61.66666667,89,67,78.33333333,5,AGUIX,liver,26328,2,0.045555556,0.020928326,0.046666667,0.013333333,0.086666667,0.028333333,0.058333333
74.95989975,9.18748502,75,58.33333333,93.66666667,68.66666667,80.66666667,1,AGUIX,liver,26361,3.67,0,0,0,0,0,0,0
103.9937343,8.526304279,103,88,124.6666667,99,107.5,2,AGUIX,liver,26361,3.67,0.219234754,0.022381325,0.22,0.173333333,0.253333333,0.2,0.24
82.09010025,10.56536289,83.5,55.33333333,100.3333333,76.83333333,89.5,3,AGUIX,liver,26361,3.67,0.221660819,0.040431303,0.22,0.14,0.28,0.193333333,0.26
92.80935673,10.99722336,92.83333333,74.33333333,114.3333333,84.33333333,99,4,AGUIX,liver,26361,3.67,0.098753551,0.021710818,0.093333333,0.073333333,0.146666667,0.08,0.113333333
78.28433584,12.01538008,78.83333333,56,97,69.66666667,87.66666667,5,AGUIX,liver,26361,3.67,0.023,0.020920484,0.02,0,0.066666667,0,0.04
180.754386,11.55532687,179.3333333,158.6666667,204.6666667,173.6666667,187.8333333,1,AGUIX,spleen,10674,3.54,1.797477026,0.066881164,1.793333333,1.7,1.92,1.75,1.846666667
122.7443609,6.234644101,122,110,134.3333333,118.5,127.3333333,2,AGUIX,spleen,10674,3.54,0.561136174,0.030048547,0.56,0.506666667,0.613333333,0.54,0.58
93.89974937,8.617376017,95,75.33333333,110.3333333,88.33333333,99.5,3,AGUIX,spleen,10674,3.54,0.334937343,0.033718328,0.333333333,0.286666667,0.4,0.306666667,0.353333333
84.43609023,8.835703136,84,65.33333333,104,80,88.5,4,AGUIX,spleen,10674,3.54,0.196190476,0.013838398,0.2,0.16,0.213333333,0.193333333,0.206666667
74.48036759,6.228177153,73.66666667,65,88.66666667,69.5,77.33333333,5,AGUIX,spleen,10674,3.54,0.039899749,0.013715734,0.04,0.02,0.06,0.033333333,0.05
155.5279866,8.758059415,156,137.6666667,174.3333333,150.6666667,159.6666667,1,AGUIX,spleen,10308,3.19,1.363291562,0.049812629,1.36,1.26,1.446666667,1.333333333,1.393333333
118.7635756,10.86164794,118.6666667,99,139.6666667,110.5,124.1666667,2,AGUIX,spleen,10308,3.19,0.703174603,0.03405209,0.706666667,0.633333333,0.766666667,0.686666667,0.72
92.37092732,9.918815874,92.33333333,73.33333333,107,84.5,101,3,AGUIX,spleen,10308,3.19,0.428203843,0.051013753,0.42,0.353333333,0.526666667,0.396666667,0.446666667
78.8855472,7.882079359,78.66666667,66.33333333,98.66666667,73.33333333,83.16666667,4,AGUIX,spleen,10308,3.19,0.176541353,0.029817275,0.173333333,0.133333333,0.24,0.153333333,0.193333333
NA,NA,NA,NA,NA,NA,NA,5,AGUIX,spleen,10308,3.19,NA,NA,NA,NA,NA,NA,NA
153.2474659,9.70466491,150.3333333,138,171.3333333,146.75,160.25,1,AGUIX,spleen,26328,2,1.09245614,0.068462647,1.1,0.946666667,1.2,1.045,1.141666667
128.8761905,7.763296688,128.5,114,146.6666667,124.6666667,133.4166667,2,AGUIX,spleen,26328,2,NA,NA,NA,NA,NA,NA,NA
125.9587302,7.7760082,126.1666667,111.3333333,141,119.6666667,130.75,3,AGUIX,spleen,26328,2,0.605444444,0.022834779,0.606666667,0.573333333,0.653333333,0.591666667,0.62
99.27539683,7.777368215,100.1666667,81.66666667,112.6666667,94.66666667,104.3333333,4,AGUIX,spleen,26328,2,0.181380952,0.025144108,0.173333333,0.133333333,0.22,0.166666667,0.206666667
78.09047619,8.138459584,77.66666667,62.66666667,92,72.58333333,84.41666667,5,AGUIX,spleen,26328,2,0.058412698,0.014387643,0.06,0.026666667,0.08,0.046666667,0.066666667
86.74912281,9.081465242,86,71.33333333,107.3333333,80.5,90.5,1,AGUIX,spleen,26361,3.67,0.348754386,0.025543393,0.353333333,0.306666667,0.393333333,0.328333333,0.368333333
110.5146199,6.202722849,110.3333333,99.66666667,124.6666667,105.9166667,114.0833333,2,AGUIX,spleen,26361,3.67,0.626354776,0.032037924,0.626666667,0.573333333,0.673333333,0.596666667,0.648333333
91.67738791,6.755022441,91.83333333,80.66666667,104.6666667,86.75,95.91666667,3,AGUIX,spleen,26361,3.67,0.344424951,0.015319832,0.346666667,0.313333333,0.366666667,0.333333333,0.358333333
74.33333333,9.941657111,73.66666667,56.66666667,94.33333333,66.91666667,81.58333333,4,AGUIX,spleen,26361,3.67,0.127192982,0.031637323,0.126666667,0.073333333,0.173333333,0.103333333,0.151666667
73.41520468,6.579023808,72.66666667,61.33333333,87.33333333,69.16666667,77.25,5,AGUIX,spleen,26361,3.67,0.129064327,0.019504841,0.126666667,0.093333333,0.16,0.126666667,0.138333333
140.7159763,8.710453104,140,113,163,134,147,1,AGUIX,l cortex,10674,0.810887574,0.229359371,0.92,0.48,1.12,0.56,1.04,
125.940678,16.32575815,125.5,86,165,113,136.25,2,AGUIX,l cortex,10674,0.962033898,0.158336476,0.94,0.7,1.44,0.82,1.06,
145.4364407,19.80605611,147.5,99,183,128,162,3,AGUIX,l cortex,10674,1.382372881,0.266014776,1.44,0.74,1.84,1.16,1.62,
198.6991525,15.93014941,201,136,232,191,209,4,AGUIX,l cortex,10674,2.368559322,0.184747998,2.42,1.6,2.76,2.28,2.48,
153.8220339,18.18834203,155,76,194,143,165.25,5,AGUIX,l cortex,10674,1.370677966,0.198676676,1.4,0.64,1.72,1.28,1.52,
201.5390625,14.87862474,199,172,240,190,213,1,AGUIX,l cortex,10308,1.784375,0.240740232,1.75,1.28,2.22,1.62,2,
132.7234043,11.75766319,133,107,155,124.5,141,2,AGUIX,l cortex,10308,0.60212766,0.077210301,0.64,0.46,0.72,0.52,0.66,
157.212766,18.94441609,155,126,223,144.5,167,3,AGUIX,l cortex,10308,1.143829787,0.27910612,1.12,0.84,2.06,0.92,1.25,
151.2340426,16.79819236,154,105,193,142.5,160,4,AGUIX,l cortex,10308,0.996170213,0.245040624,0.94,0.66,1.74,0.84,1.08,
NA,NA,NA,NA,NA,NA,NA,5,AGUIX,l cortex,10308,NA,NA,NA,NA,NA,NA,NA,
162.2528736,19.83304939,160,125,214,146.25,176,1,AGUIX,l cortex,26328,1.022068966,0.241480767,1.02,0.56,1.48,0.8,1.24,
122.3409091,9.521371134,122,96,142,116,129,2,AGUIX,l cortex,26328,NA,NA,NA,NA,NA,NA,NA,
125.1136364,9.544669881,125,105,150,119.75,131,3,AGUIX,l cortex,26328,0.606136364,0.198548321,0.7,0.18,0.9,0.48,0.76,
139.5227273,13.87851288,139,105,185,128.75,149,4,AGUIX,l cortex,26328,0.998409091,0.263183683,0.97,0.5,1.6,0.82,1.16,
115.3863636,11.21730787,115,92,143,108,122,5,AGUIX,l cortex,26328,0.477045455,0.153342747,0.42,0.22,0.78,0.38,0.62,
93.25,12.96228504,93,62,129,85,102,1,AGUIX,l cortex,26361,0.294782609,0.138977724,0.34,0,0.54,0.18,0.38,
121.4250871,11.62811374,121,89,154,113,129,2,AGUIX,l cortex,26361,0.741672474,0.132538828,0.7,0.4,0.98,0.64,0.86,
110.9303136,9.727400552,111,80,142,105.5,118,3,AGUIX,l cortex,26361,0.410313589,0.106915444,0.4,0.16,0.78,0.34,0.48,
136.174216,18.20166639,136,100,193,123,148,4,AGUIX,l cortex,26361,0.93184669,0.178687835,0.88,0.64,1.44,0.8,1.02,
98.82578397,10.11799535,100,68,132,92,106,5,AGUIX,l cortex,26361,0.349965157,0.090878401,0.36,0.12,0.48,0.28,0.42,
150.3402778,18.41842495,147,111,203,137.75,159,1,AGUIX,r cortex,10674,1.164444444,0.232563545,1.09,0.82,1.66,0.98,1.265,
99.30392157,17.5754894,100,59,137,86,110.75,2,AGUIX,r cortex,10674,0.619803922,0.154399408,0.59,0.34,0.96,0.5,0.74,
108.3039216,14.22286837,106.5,77,139,97,119,3,AGUIX,r cortex,10674,0.705294118,0.140696488,0.72,0.42,1.04,0.585,0.8,
131.5882353,18.44406113,135,69,169,122,143,4,AGUIX,r cortex,10674,1.16745098,0.235811849,1.16,0.72,1.6,1.02,1.34,
108.3921569,24.95217263,110,32,158,94,125,5,AGUIX,r cortex,10674,0.528235294,0.243042043,0.46,0.08,0.96,0.34,0.735,
185.1702128,18.87546249,183,143,245,173,196,1,AGUIX,r cortex,10308,1.968510638,0.191688785,1.96,1.5,2.44,1.82,2.08,
123.6428571,16.59650197,124,91,164,108.75,134.5,2,AGUIX,r cortex,10308,0.994761905,0.158388283,1.04,0.5,1.16,0.95,1.1,
145.5595238,17.74109514,142,120,191,132,154.25,3,AGUIX,r cortex,10308,1.385714286,0.275085639,1.43,0.88,1.98,1.16,1.64,
140.7261905,21.59274084,140,75,199,128.75,151,4,AGUIX,r cortex,10308,1.345714286,0.214377758,1.36,0.78,1.74,1.22,1.505,
NA,NA,NA,NA,NA,NA,NA,5,AGUIX,r cortex,10308,NA,NA,NA,NA,NA,NA,NA,
177.5696203,13.81952714,180,141,202,170.5,188.5,1,AGUIX,r cortex,26328,1.398227848,0.246025415,1.26,1.14,1.94,1.22,1.66,
126.9036145,9.868551068,126,104,154,122,134,2,AGUIX,r cortex,26328,NA,NA,NA,NA,NA,NA,NA,
128.4096386,10.10551102,128,105,151,121,136,3,AGUIX,r cortex,26328,0.778795181,0.211280648,0.72,0.38,1.2,0.64,0.97,
142.6987952,12.05882663,144,116,164,133.5,154,4,AGUIX,r cortex,26328,1.011566265,0.218937643,1.06,0.42,1.28,0.88,1.18,
117.8915663,15.95627463,117,89,149,105,131.5,5,AGUIX,r cortex,26328,0.702168675,0.242378019,0.78,0.22,1.1,0.54,0.9,
108.6131687,14.9926783,108,75,153,97,117,1,AGUIX,r cortex,26361,0.286748971,0.134552018,0.3,0,0.52,0.23,0.38,
121.2139918,15.04217287,119,86,165,111,130,2,AGUIX,r cortex,26361,0.725102881,0.197649484,0.68,0.34,1.18,0.58,0.88,
115.526749,11.34396309,116,81,146,109,123,3,AGUIX,r cortex,26361,0.521193416,0.111544597,0.51,0.26,0.86,0.42,0.6,
138.6522634,16.9991668,138,95,193,126,150,4,AGUIX,r cortex,26361,0.922962963,0.24567926,0.9,0.34,1.78,0.74,1.08,
107.473251,13.22137814,107,77,148,99,116,5,AGUIX,r cortex,26361,0.332139918,0.099843236,0.36,0.14,0.56,0.26,0.4,
96.98947368,16.20071131,98,58,139,86,109,1,AGUIX,l medulla,10674,0.283789474,0.30548384,0.18,0,1.02,0,0.535,
129.1955556,15.31120077,129,95,165,118,139,2,AGUIX,l medulla,10674,0.948533333,0.15450014,0.92,0.76,1.4,0.82,1.06,
137.5866667,20.61267787,135,95,178,123,156,3,AGUIX,l medulla,10674,1.244444444,0.307572254,1.2,0.58,1.74,1.02,1.54,
195.2444444,16.33150405,198,138,232,185,208,4,AGUIX,l medulla,10674,2.240266667,0.248669205,2.34,1.48,2.58,2.04,2.44,
152.4222222,15.88974357,152,102,187,142,163,5,AGUIX,l medulla,10674,1.324711111,0.180992403,1.34,0.8,1.64,1.22,1.44,
87.92682927,10.27046498,89,64,114,81.25,95,1,AGUIX,l medulla,10308,0.35804878,0.218812979,0.3,0,0.88,0.2,0.5,
154.560241,19.19696537,157,99,195,144.25,167.75,2,AGUIX,l medulla,10308,1.328192771,0.197405732,1.35,0.9,1.82,1.165,1.46,
181.7289157,13.19611142,183,141,227,175,189,3,AGUIX,l medulla,10308,2.013614458,0.158851892,2.04,1.54,2.58,1.94,2.1,
192.5060241,35.88380629,190,136,271,158.25,221,4,AGUIX,l medulla,10308,2.075060241,0.565533917,2.05,1.2,3.34,1.625,2.48,
NA,NA,NA,NA,NA,NA,NA,5,AGUIX,l medulla,10308,NA,NA,NA,NA,NA,NA,NA,
87.54368932,12.23696191,87,59,118,78.5,96,1,AGUIX,l medulla,26328,0.106213592,0.164098695,0.04,0,0.7,0,0.16,
154.0392157,14.43642015,154,116,195,145,162,2,AGUIX,l medulla,26328,NA,NA,NA,NA,NA,NA,NA,
177.004902,24.73437268,176,124,230,162,196.25,3,AGUIX,l medulla,26328,1.43245098,0.406997462,1.39,0.72,2.28,1.08,1.78,
193.1029412,27.43538204,194,116,274,175,209.25,4,AGUIX,l medulla,26328,1.959313725,0.384658646,1.96,1,3.14,1.66,2.2,
153.6470588,16.42131987,153,109,194,143,163.25,5,AGUIX,l medulla,26328,1.190882353,0.273483709,1.2,0.6,1.7,0.975,1.405,
63.53159851,12.27639882,62,33,115,56,70,1,AGUIX,l medulla,26361,0.030260223,0.082769932,0,0,0.54,0,0.02,
76.72588832,13.52027955,75,47,113,68,85,2,AGUIX,l medulla,26361,0.18284264,0.15216889,0.2,0,0.56,0.04,0.28,
123.2741117,17.37423233,122,72,165,112,135,3,AGUIX,l medulla,26361,0.919695431,0.24895703,0.84,0.48,1.54,0.78,1.04,
165.6243655,15.54299801,166,122,209,155,175,4,AGUIX,l medulla,26361,1.894619289,0.175705921,1.88,1.36,2.38,1.82,2.02,
103.1370558,9.164403518,104,81,125,97,109,5,AGUIX,l medulla,26361,0.615431472,0.07443487,0.62,0.4,0.74,0.58,0.66,
90.25609756,13.46206139,89,51,143,82.75,97,1,AGUIX,r medulla,10674,0.479634146,0.310345775,0.4,0,1.22,0.24,0.765,
125.940678,16.32575815,125.5,86,165,113,136.25,2,AGUIX,r medulla,10674,0.962033898,0.158336476,0.94,0.7,1.44,0.82,1.06,
145.4364407,19.80605611,147.5,99,183,128,162,3,AGUIX,r medulla,10674,1.382372881,0.266014776,1.44,0.74,1.84,1.16,1.62,
198.6991525,15.93014941,201,136,232,191,209,4,AGUIX,r medulla,10674,2.368559322,0.184747998,2.42,1.6,2.76,2.28,2.48,
153.8220339,18.18834203,155,76,194,143,165.25,5,AGUIX,r medulla,10674,1.370677966,0.198676676,1.4,0.64,1.72,1.28,1.52,
85.67164179,26.62960687,84,33,150,66,105,1,AGUIX,r medulla,10308,0.651442786,0.320711907,0.62,0.12,1.4,0.38,0.82,
147.2711111,22.84969849,144,86,230,134,158,2,AGUIX,r medulla,10308,1.617688889,0.22336018,1.62,1.18,2.16,1.46,1.8,
167.6844444,22.29465263,165,112,242,156,176,3,AGUIX,r medulla,10308,2.178133333,0.230366047,2.2,1.72,2.7,1.98,2.34,
196.9333333,30.94037276,195,116,274,181,213,4,AGUIX,r medulla,10308,2.729866667,0.448852839,2.78,1.64,3.74,2.54,3,
NA,NA,NA,NA,NA,NA,NA,5,AGUIX,r medulla,10308,NA,NA,NA,NA,NA,NA,NA,
95.67391304,12.71320382,92.5,71,141,88,102,1,AGUIX,r medulla,26328,0.285942029,0.112299016,0.26,0.08,0.56,0.2,0.36,
161.1061453,19.08127036,160,123,219,148,171,2,AGUIX,r medulla,26328,NA,NA,NA,NA,NA,NA,NA,
185.9217877,29.80410015,190,108,238,166.5,209,3,AGUIX,r medulla,26328,1.809497207,0.441785703,1.88,0.92,2.76,1.47,2.14,
206.3463687,40.15768675,206,121,287,175.5,237,4,AGUIX,r medulla,26328,2.085586592,0.75069284,1.88,1,4.1,1.42,2.73,
165.2290503,29.42841034,167,96,307,144.5,182.5,5,AGUIX,r medulla,26328,1.482234637,0.457532281,1.42,0.72,3.12,1.12,1.84,
78.69421488,27.76063854,74,43,236,61,87.5,1,AGUIX,r medulla,26361,0.175757576,0.315970963,0.06,0,2.48,0,0.26,
81.8008658,20.35707646,80,45,138,66,95,2,AGUIX,r medulla,26361,0.257489177,0.241020052,0.22,0,0.84,0.02,0.42,
129.0952381,11.36446668,131,80,152,123,136.5,3,AGUIX,r medulla,26361,0.853333333,0.078440794,0.84,0.7,1.08,0.8,0.9,
163.3549784,22.47720267,165,103,214,151,179,4,AGUIX,r medulla,26361,1.616623377,0.265155074,1.6,0.84,2.26,1.5,1.82,
120.4155844,16.85385409,124,49,151,113.5,130,5,AGUIX,r medulla,26361,0.688484848,0.134057068,0.7,0.36,0.92,0.58,0.8,
